22536339,
40276141,
65281779,
39852728,
50747141,
80272201,
78757589,
38721613,
59427404,
32586000,
35596750,
74702102,
47328137,
54356918,
42030330,
5775452,
5805976,
4579150,
80116619,
66549064,
99812819,
78394610,
26050429,
79085578,
7802575,
79624861,
76498044,
55994777,
5675741,
62032510,
75441465,
59958249,
81869578,
66735058,
57291182,
28899650,
30991641,
6328236,
45123772,
3452392,
22726253,
25086116,
71495876,
99764770,
54937836,
6468050,
75020231,
41621932,
80213464,
60725484,
3916832,
88383645,
13210019,
49616065,
34176981,
49069519,
19749878,
51645670,
3605094,
91924230,
87720835,
3158094,
49728603,
86697516,
34728304,
52930536,
58588372,
89120321,
67889992,
79646694,
68969433,
46263510,
5475625,
67156492,
69140763,
41964008,
25979537,
57401249,
36618981,
8635261,
1970657,
66151800,
12718874,
29272208,
14426457,
10256937,
51194669,
96565800,
47384393,
51898801,
64603250,
97661983,
18697000,
90002306,
122532,
45948083,
26152537,
41809515,
13883972,
26780126,
4224943,
12641780,
58955523,
54138365,
27560738,
33808003,
88741851,
76441229,
4587320,
38636420,
35374009,
26189156,
10883107,
83551883,
67932544,
32795232,
50766022,
2979292,
49074184,
85889477,
10014375,
75142234,
78849254,
55571586,
44007887,
76434732,
91792767,
41503969,
27863631,
95755815,
57168744,
4508968,
18912261,
58327596,
57656966,
79072800,
39575927,
82356705,
73825637,
69871369,
49660032,
47440520,
43352266,
3901686,
62686526,
6267801,
46690773,
34600054,
93094266,
62558436,
89651096,
92826128,
48991684,
61316954,
94036998,
58909251,
57876958,
43067010,
76834392,
93535811,
20113075,
33037211,
56599728,
82456643,
46660539,
31086818,
6625035,
61804320,
96337788,
6640354,
76434525,
43562355,
68367336,
27382831,
88922855,
17527344,
5403825,
58299700,
93848771,
38960408,
33567904,
83638214,
70105012,
77150954,
64312970,
97495211,
54658469,
62953911,
14737736,
66621268,
71243587,
25863293,
73874087,
81313373,
86768647,
65418274,
58579042,
72071066,
74555392,
57854609,
92210220,
26304232,
10133739,
17314495,
81357035,
65518881,
70464323,
35720863,
94157012,
90824727,
58693160,
15112954,
49468900,
27811003,
56799694,
53768107,
34630893,
13282042,
45620564,
70657129,
46684792,
68504738,
58032037,
99307677,
75838835,
57312758,
81295192,
2377937,
2941314,
57315821,
75825068,
23302065,
44015074,
1570359,
4742747,
87744167,
52162418,
41739895,
55120592,
64854126,
11993386,
80713902,
72601055,
78275568,
3305543,
96572927,
89574327,
4803527,
32642193,
48593712,
36319658,
46266921,
8763158,
71350563,
56285548,
9222481,
60102375,
61767409,
98626611,
74379713,
9952082,
5716360,
17306575,
27486362,
99069656,
21566516,
83935670,
64762616,
26355821,
80450204,
35008898,
6796401,
75163314,
46839639,
99244460,
87167378,
85037303,
23332819,
64032867,
60588321,
55144471,
28623863,
23782819,
59511016,
64803758,
83700498,
34362199,
21568781,
46473555,
95530119,
69197198,
21225397,
89248876,
35876739,
53459321,
24784538,
30033264,
76832231,
79830535,
58292841,
35843617,
39167083,
81422260,
20328639,
29241573,
6317946,
72895503,
61415756,
97171853,
97852648,
35725460,
84046670,
61827127,
67673705,
40847114,
64689994,
96473267,
51926944,
35012448,
93860377,
37012583,
46238219,
56780463,
14924902,
77547969,
73887730,
63991770,
81298745,
70772261,
57033067,
12557954,
44171653,
30255223,
5079105,
95350966,
5119000,
46715788,
97058729,
40911628,
54614391,
75663904,
76535540,
62102841,
89916861,
35536178,
13984598,
60783644,
92058806,
33952510,
63277580,
34981190,
2102363,
5796343,
2194975,
66940764,
11095352,
73725608,
28522764,
81102946,
42653674,
67429638,
36990489,
16748243,
92877708,
25057620,
24056209,
81372436,
30899653,
48978758,
82578496,
22873337,
15129569,
5345357,
16776248,
65304547,
18641111,
36574373,
54617186,
15363490,
91829936,
24760064,
68960239,
93061524,
50281803,
26625282,
93133001,
21461791,
7385573,
81660428,
94118123,
12878763,
48675873,
64501555,
48894170,
65081538,
58604577,
53605178,
99106418,
33923627,
46310211,
16165589,
54541861,
4114489,
24969640,
28192459,
91275345,
36162534,
53509118,
67000180,
38560006,
62027655,
90557808,
3506371,
99998749,
95293605,
64175599,
63676537,
3521433,
39647519,
17126930,
15306909,
23973003,
54287105,
1811460,
80690428,
68323893,
64823355,
59146256,
69137623,
46849454,
90873990,
36275337,
23599489,
57059697,
72884770,
10638141,
42907417,
66259822,
30326915,
49178518,
61225802,
30236853,
89231683,
45967219,
58259380,
80603142,
62719039,
66799729,
14888261,
65855709,
87899831,
41647294,
24259194,
30161249,
78295739,
49308025,
4128406,
27381019,
49613145,
59888954,
56899042,
8717431,
68598915,
48700906,
6048104,
51570414,
44507980,
43079846,
37894387,
98487462,
97154112,
98708021,
30360241,
1872965,
81543349,
49480005,
45962085,
85694589,
78998426,
88916264,
8290278,
39371218,
26840091,
53121303,
43892321,
70179454,
67105670,
90321113,
14459003,
2495214,
17871150,
60059220,
75632247,
54293419,
11955387,
53695188,
66842159,
10508288,
8637733,
15663375,
23008124,
80096480,
84992743,
4550111,
56246564,
74585578,
16145587,
76600603,
7666832,
78848416,
69618654,
11976255,
33918786,
56169810,
88151207,
97628755,
90415897,
12813439,
1090636,
72334267,
66931356,
6188433,
59979489,
63814260,
21690644,
90170486,
50819171,
98618523,
36273897,
38177692,
26867142,
53000197,
57328370,
72104140,
33488406,
79300321,
72050228,
87681817,
13033148,
17753801,
94132624,
46772744,
21817698,
1826885,
93839059,
22504302,
26440023,
37507255,
31439158,
43669742,
49557717,
27770314,
70313655,
23049732,
92787254,
92651525,
30158141,
51067648,
48796507,
78688160,
41490756,
49065160,
21665810,
57423252,
94888652,
82317238,
98801673,
9603369,
1760684,
74425544,
33361797,
60912907,
88100631,
33294235,
40066670,
39199055,
73821121,
50478939,
37692754,
37268835,
77293529,
21994938,
29920097,
44945182,
96922360,
77509924,
90052438,
4495643,
4468845,
30336282,
84964424,
7585472,
55058012,
77163503,
23996937,
30016312,
42825344,
76325579,
15920003,
12144773,
82265685,
43634697,
2466342,
66891132,
82743615,
519103,
73055701,
11641307,
38915872,
84552373,
40275681,
81182763,
2520437,
76591544,
20256465,
15082083,
73394261,
56002784,
94326777,
6229343,
44362941,
12274041,
43898656,
33939827,
22589471,
83568579,
66136345,
591248,
35807943,
35143589,
98263906,
26304535,
38710825,
76143427,
59820869,
74565957,
86854389,
98929567,
98599873,
57232570,
3547645,
42382895,
27157257,
69876752,
74661366,
70103774,
91525495,
32707311,
74751575,
25883170,
89601553,
15689453,
51194003,
72416834,
51510389,
61940194,
57064655,
75514687,
95614585,
40026018,
11396273,
95523450,
31027489,
78043132,
28041658,
63638003,
94820280,
78271252,
82444431,
96567442,
54723011,
12000506,
4909020,
71836415,
59600759,
37979906,
86049710,
72049644,
21887443,
75795349,
18462542,
51218080,
63368614,
46719723,
94503699,
65565999,
12385346,
72456774,
11111718,
36619809,
93178003,
9343105,
71107822,
12792927,
68226411,
32795318,
78369454,
4468685,
28502631,
61786849,
83764118,
79745974,
6349177,
16498426,
55758262,
62886062,
82384714,
17611871,
56855233,
30354336,
68834971,
52218042,
36278026,
45130346,
29784598,
35147816,
6186878,
49783365,
17223670,
48779974,
17190768,
96316782,
56095458,
63016707,
99713214,
55861196,
14544897,
56238615,
62978372,
36831327,
1401343,
17071299,
41442682,
34915647,
66792455,
57520452,
65387024,
54216710,
19912202,
66507446,
61870910,
71737679,
9700536,
44857663,
26522876,
12133493,
52810851,
35027878,
81443083,
10741464,
49619206,
42811595,
22592970,
68575571,
17129643,
59057954,
20921132,
39676329,
57656125,
15157819,
4162281,
45267791,
50010789,
85916843,
12386706,
86847956,
60036729,
41950093,
82230565,
23913073,
32733036,
60170883,
82284337,
1786018,
90137163,
98277355,
17434572,
52076296,
88525456,
80235723,
83157629,
80676505,
27118161,
47938931,
7226861,
33878728,
40969951,
44343833,
60847068,
82142872,
72168975,
84578191,
55391101,
23845833,
6665270,
6847714,
62278299,
67229808,
22606555,
59507361,
95047874,
22188319,
1459393,
16368491,
59501605,
38527178,
24182471,
73587806,
59589333,
25425989,
93852808,
8470780,
35944487,
98400059,
65859270,
98673885,
47432003,
50747656,
90208543,
82404003,
38180153,
63408386,
45559454,
28397672,
61030872,
83604806,
80916871,
62957694,
66823767,
88858996,
46454879,
95511305,
9256293,
92341885,
3944893,
39015009,
12852357,
58669971,
42656860,
54827370,
43509585,
51904301,
51897340,
53822023,
14994610,
46774087,
5097153,
21900348,
65068334,
93392664,
42437146,
11752381,
77628459,
7911448,
45876863,
59465775,
39819225,
10493317,
50326039,
11236230,
88994615,
50696736,
8125406,
26008715,
43150618,
31903874,
51116736,
16101622,
243584,
62736764,
50894104,
82242775,
3355482,
33747948,
72149867,
66346593,
87335540,
54053400,
94675571,
52608118,
16160077,
60110973,
71736686,
65529708,
25306407,
19567404,
41286820,
61055999,
48923268,
2478788,
15797464,
71997041,
52380883,
66130278,
80678304,
468977,
29667128,
57776798,
59672219,
23924923,
22824548,
14198867,
95826531,
95732400,
97508990,
21083423,
4438349,
79391336,
82703401,
96938384,
96841467,
10959862,
33254895,
25551593,
93613242,
67019760,
9527294,
91871589,
51239877,
25268666,
71104646,
56238042,
6189403,
76247069,
28357438,
8641987,
87243936,
33203130,
8211917,
45995917,
62979838,
37711659,
65292213,
44257762,
81546784,
74156244,
4622178,
44592549,
47286400,
89971698,
5068357,
50720568,
39068105,
32989447,
47390310,
1670922,
68605766,
91615954,
30535171,
28908334,
91223727,
80625458,
6366875,
84614010,
40051396,
93517641,
5691702,
81769387,
76728355,
45237829,
5744632,
76991724,
68859389,
23928289,
16649232,
61203061,
76758496,
41390040,
75158156,
10545786,
46725417,
77829331,
73511128,
14820150,
760407,
46196035,
31117560,
29269301,
79686775,
94482678,
7040203,
9659920,
99266600,
76267935,
63621790,
80462858,
11063384,
15642439,
29589799,
11720704,
16163132,
5984735,
73714676,
70965671,
67813941,
29041866,
54307439,
65505226,
4448435,
54463552,
25349929,
57918591,
87029808,
58365060,
83972381,
15935882,
44881291,
20863796,
18855719,
35871465,
27077438,
33901781,
910495,
57984198,
43004251,
66999778,
10143235,
21994725,
52637999,
67548569,
24129688,
86531922,
57143148,
7026815,
70942800,
74055157,
9403084,
59270176,
44465330,
96067310,
21740850,
63365815,
33125440,
65519879,
94175500,
628789,
80084088,
83069504,
83016692,
56663539,
17440491,
35855659,
16519319,
56299927,
51528014,
36454068,
66359507,
62541792,
56002716,
65856017,
38119234,
46958664,
91046800,
33115686,
19122676,
48330019,
2254287,
69794270,
88950400,
26677527,
56442288,
85106725,
47313717,
32026293,
79973506,
35916493,
17052270,
8930543,
55029459,
6711180,
40069959,
43269438,
35089889,
43311244,
54758400,
87929991,
99976167,
81338707,
49899145,
97277506,
72008630,
72683607,
36663050,
42007234,
23751422,
39166264,
6348333,
57988503,
29124120,
60132141,
56843552,
81126061,
82940084,
83223388,
22906743,
9123947,
42764694,
59407469,
87841863,
49597558,
26157073,
2696254,
41831068,
80959876,
48333466,
26682321,
90012757,
57983064,
43013331,
8937093,
92206147,
24596185,
31171000,
59109423,
44215991,
67193963,
38075557,
78790531,
53919329,
77331245,
60598628,
4562112,
98193160,
91054165,
3966710,
68328696,
78362216,
13227522,
91423324,
81133387,
9317795,
47870360,
99035446,
76239451,
49561998,
7989056,
83886954,
77819037,
79735154,
61527351,
44126798,
87976039,
44721269,
52553080,
82519260,
80993252,
84809564,
11423411,
99849442,
58016399,
63089492,
38734908,
48743642,
98973883,
49285542,
78970811,
61439605,
50942013,
11191382,
41089009,
34851392,
51984770,
45271775,
36096649,
38039046,
41945965,
74681893,
93911979,
3765037,
33126613,
21975862,
75914795,
40028484,
19937235,
80049133,
27255097,
193279,
66035557,
83602154,
76178679,
35526402,
11864966,
55568464,
13077189,
82212242,
22327440,
30240844,
23268498,
37403602,
53421552,
30909492,
33702857,
91727100,
3873258,
98316381,
93016505,
84651861,
7061277,
85788123,
92248023,
63206655,
72744810,
86295029,
69506209,
59910938,
90444731,
14346800,
78770979,
78404833,
86017583,
25272492,
25473649,
25956359,
35455663,
70638592,
7676400,
87360099,
96752692,
64051490,
54619799,
33857675,
8517531,
73081433,
13318675,
25827856,
73508770,
47655308,
45268824,
8740885,
64760434,
68597547,
57950578,
66755411,
77629741,
94279490,
9897576,
97591111,
98875663,
12550269,
43112340,
97351003,
51271307,
37588086,
93117057,
54697871,
23222999,
32483856,
53733449,
52242787,
74081864,
30536507,
66225490,
32748615,
20812208,
32799918,
42019879,
95234073,
63901685,
34629008,
48921742,
48058112,
85456334,
44931674,
10343867,
80036057,
6748335,
90679569,
64527558,
62868652,
28897001,
31599089,
88183138,
64998235,
4346561,
76612768,
13709993,
68549363,
89806464,
5464003,
44545288,
16138826,
53469122,
42222393,
30387704,
54854126,
51633259,
88137627,
14983194,
38345791,
65321595,
94707003,
76673718,
46450488,
58956920,
52919431,
57734732,
32038852,
33994037,
18884446,
31944386,
17863286,
8701244,
62279252,
87400793,
45715883,
64866911,
28629706,
9235411,
19138823,
62112719,
27294056,
71809459,
50885473,
94685445,
91538400,
79231048,
14358499,
63230979,
93464083,
36362146,
97551424,
40363827,
67115763,
1675573,
7879236,
96418751,
55721600,
44415501,
22632787,
62115727,
77214889,
7007025,
92168541,
63804351,
36390228,
89747233,
71897158,
89996816,
43880704,
52069151,
19573722,
4278553,
75779687,
173479,
70126231,
11642175,
5965955,
10915042,
60256357,
85020838,
42478121,
69248940,
5726114,
96711866,
33105070,
75725941,
31512309,
95672976,
33191672,
66145353,
75123229,
75873575,
20260027,
98548383,
83751212,
34125477,
90469864,
60778492,
56767295,
37964671,
10136013,
15729374,
97707416,
79817259,
41143290,
56960748,
43229040,
1158488,
82274195,
39720711,
88298245,
45273086,
85757056,
95506637,
93643715,
37959986,
1389058,
9242665,
29373058,
48485172,
13529563,
65295338,
81121050,
34602227,
99618966,
22051816,
82155720,
42669210,
21714738,
64688177,
68835374,
97997521,
46126220,
21158948,
78778355,
36646512,
39060293,
17939691,
39596151,
60584751,
65900877,
41275458,
21716361,
99093225,
62390424,
17283161,
58230257,
28251610,
42710718,
4748456,
64081669,
37828018,
98666539,
87261638,
12842771,
51246764,
82059163,
88019166,
63754146,
22286966,
84669592,
5021866,
40311586,
57745614,
62989562,
42524449,
52626662,
58880216,
14980981,
26521951,
83804652,
41830444,
81059357,
36814235,
66558953,
44548407,
41743485,
6309137,
10303634,
11243870,
92678989,
61992601,
56233976,
54038600,
27873859,
20155912,
73715695,
23423740,
91067535,
89204823,
38748724,
11277212,
16078416,
75091155,
2573270,
83069449,
97276949,
60523837,
35297828,
34405047,
61722241,
4099540,
20986929,
2507696,
32327681,
96721895,
89281305,
51899154,
58583199,
51391998,
81496072,
37094328,
46057353,
77576117,
22304256,
54482395,
58997675,
17243851,
13455850,
29512363,
56733638,
89953489,
29908930,
48002030,
43029722,
185120,
580353,
64678124,
73460950,
79641280,
87995041,
3269759,
18466638,
1238738,
75792445,
50268372,
19464940,
30018406,
11277545,
94840739,
30222554,
23677080,
81103111,
88195044,
81271186,
35955409,
79021665,
20113084,
22346542,
73795858,
91751850,
42589810,
20563788,
70464925,
69847669,
97003031,
19447137,
99393854,
87733410,
30755733,
44877053,
18272126,
96106018,
15617065,
74717789,
55148433,
89937181,
43805373,
69305637,
38748456,
62307927,
43452644,
802376,
1452607,
72738012,
99309560,
62248762,
29475254,
92468694,
3381697,
12652813,
23397673,
3863883,
84990823,
58588334,
76258848,
95420810,
31633578,
99007113,
98377069,
16842724,
54205890,
7379988,
64316378,
1973526,
73459835,
78302108,
65335400,
20228709,
70268848,
91518502,
64277832,
61100722,
856640,
48899613,
17480901,
93723586,
27881699,
93843422,
47184649,
71659884,
13737750,
87283947,
3970735,
7704210,
9685397,
32883971,
15474176,
77927565,
1045971,
40466888,
27684043,
3855558,
46513303,
34145426,
36571115,
97954536,
1884587,
67610482,
36213200,
61414498,
33083152,
53081590,
21954262,
58465589,
48611511,
19707093,
49679587,
85536723,
32505110,
18490728,
7673772,
16279765,
14726900,
21835948,
28989508,
33244088,
93337319,
55844068,
3971808,
16764851,
46217448,
86989800,
82763917,
85181854,
5670689,
69735735,
96015045,
74575489,
4948582,
39455807,
11948954,
46936091,
13492313,
61854684,
28060212,
60251568,
38196860,
97133988,
35778710,
89887708,
94619079,
7024977,
26286949,
43261829,
85631259,
28429980,
67297103,
62641003,
78537126,
2292359,
60609789,
30413016,
48596492,
7636679,
23608579,
75644116,
64744953,
8087102,
44990170,
53526207,
57329648,
3868985,
92393709,
83646035,
77178830,
64107504,
44214599,
13338295,
56695787,
28085307,
4603281,
19040460,
12357749,
88228905,
1385923,
90062024,
66622148,
97924398,
33996653,
33011674,
9464810,
9580489,
42561635,
2388712,
16267449,
84050019,
62708246,
30694370,
42323085,
79740312,
89362090,
35446970,
56855388,
32743705,
26854623,
99637043,
65651119,
41244506,
66328037,
5551869,
92661035,
9639974,
21905601,
87541076,
10491508,
93670992,
60980024,
47648630,
5377932,
45263575,
12663153,
80680288,
40285905,
20199271,
41858704,
88107959,
15864352,
34696603,
62788671,
8112400,
63286354,
9296136,
31493009,
33660839,
40192501,
22861097,
7845418,
81215577,
34631760,
52365660,
24007556,
39807180,
78949041,
88354736,
87328269,
54576449,
1519353,
91667563,
38917919,
10370476,
40257658,
71264241,
59022179,
69132301,
37231614,
67521107,
30761051,
10543032,
87229574,
20886578,
38954365,
15496835,
23415165,
8388245,
75221394,
14398819,
58426506,
94345933,
18271473,
71215527,
5259079,
93117374,
64702471,
27836506,
872660,
45529904,
66330729,
5282615,
39420844,
52440848,
12575435,
62959766,
37187336,
81677027,
39324902,
6172925,
62777029,
99221126,
40234124,
64628347,
86213548,
48332926,
70841024,
56693691,
75626156,
28312127,
61132089,
20452629,
72707884,
25411197,
57186836,
36917851,
76645008,
25185049,
92821843,
32437818,
93881661,
70777308,
49362538,
39053242,
3154600,
56251229,
26867607,
99696626,
80656444,
30107432,
72279825,
51272736,
18538062,
61048304,
40632915,
21697776,
58800837,
82278044,
34094870,
28715142,
63206467,
63270762,
46219271,
80876814,
41607714,
17839757,
38104479,
62395567,
21531641,
31483193,
91291502,
14774173,
8870409,
66822686,
96942453,
1732282,
59430139,
44519341,
99807132,
80054637,
52254214,
68510233,
66817408,
21473082,
73339959,
68298791,
85889036,
89419409,
30392745,
66571477,
52369167,
17484758,
64141130,
52807628,
7947216,
92920692,
23543684,
68308795,
97258398,
43017392,
44693601,
41345244,
52767948,
5595409,
31094984,
4842028,
56792334,
83576986,
12871323,
82363742,
74389061,
64532420,
1005948,
55797836,
19409158,
8831013,
26413433,
38949230,
57646105,
11688305,
11738128,
63180904,
82223519,
80622071,
63326725,
43870134,
22998089,
49587341,
58308490,
64437367,
16028712,
51635074,
69342668,
87443479,
82866121,
1708794,
27577566,
89052568,
33388514,
73147622,
63480374,
80422250,
64125852,
20218740,
56163036,
64473804,
59529238,
25719550,
53149057,
34277806,
93527747,
42077912,
74839231,
71703780,
42656152,
32585067,
8330691,
84807325,
41493449,
73112129,
32738888,
36191126,
23713794,
30945568,
47832786,
28747223,
48791500,
50686093,
55143552,
24739464,
89764026,
6296191,
16130101,
46111361,
45938858,
16740200,
21550417,
70603290,
83878124,
71190185,
94904577,
85887737,
53419576,
96447894,
82816584,
91529763,
3347622,
38503495,
96637155,
11214411,
20915435,
50549550,
84037058,
48798646,
54502106,
71920732,
61627667,
12382194,
19426906,
60100251,
71069198,
23615460,
93482475,
60899139,
43304827,
28049296,
44555098,
5753331,
89828703,
7014753,
12996769,
28646472,
92422250,
15970209,
52563125,
92096704,
27915047,
33971213,
9270812,
91996941,
80728150,
13736459,
14349352,
27378395,
45086147,
16214704,
30704212,
62746791,
2520889,
87536936,
22953955,
19390567,
51228100,
22296513,
34244964,
5205583,
40033718,
61472544,
62080209,
80203046,
8199916,
33332813,
33823479,
46605676,
61952620,
67520564,
69679911,
23323968,
29030785,
49984722,
45599910,
83714549,
12152692,
70753577,
65963076,
4332531,
64520451,
71777040,
49255252,
74488281,
23981666,
71825864,
73137357,
95463163,
83604199,
36940270,
70487785,
91163890,
41916778,
35290168,
79655133,
57115270,
80399609,
54062119,
39488215,
26046759,
78743804,
11268146,
8743676,
16778381,
73715652,
80811550,
41855594,
75582597,
80732911,
22086706,
96318917,
87166248,
47927423,
550385,
5417707,
75591739,
690307,
10474659,
26791878,
55780387,
79104477,
28144945,
76636079,
60564015,
91451058,
47066821,
99735315,
20158914,
2655115,
96711697,
87478507,
57007942,
16869932,
94798339,
55771208,
21225394,
17698079,
36152868,
37195713,
3641271,
17538778,
54472513,
47632015,
79995895,
69702894,
58535870,
28582267,
13903086,
1140741,
4325757,
12393774,
32051203,
17677307,
11848214,
53140456,
80170647,
46540709,
23166160,
13288922,
54095442,
16808346,
60148358,
54452611,
46929187,
29222996,
2624204,
45268347,
68861672,
59779055,
19847098,
96962626,
76120710,
1811495,
61547668,
88459970,
54595978,
55054248,
81987765,
4745765,
11825473,
94254528,
50957386,
96918637,
77483471,
10613331,
72593981,
81040982,
23461962,
22681445,
2913677,
661775,
11393247,
69804733,
65780222,
27592738,
24585132,
7617209,
85084700,
96387770,
57321911,
58961605,
26362970,
51327433,
36328123,
14742050,
42701907,
48018106,
18618355,
65109481,
72267535,
30438819,
48500479,
83240584,
79518264,
6823045,
75952285,
73327773,
25726559,
68215689,
22279284,
72214970,
32540591,
73190800,
46689952,
43419792,
83604954,
72524949,
4976837,
3136805,
82519356,
19642897,
97836597,
52356127,
75611159,
35734365,
35002943,
94380700,
89858981,
18094715,
59487978,
82762415,
65617593,
17881815,
82440657,
82132049,
94264709,
14829395,
79869542,
46157709,
43954611,
35966010,
1247849,
36513844,
38971996,
9659660,
68772602,
89347759,
10076742,
71413070,
99805502,
62682064,
93270053,
24406897,
86006849,
17215757,
77163963,
92819084,
23957503,
77185136,
50917303,
44176248,
13912912,
75440382,
78128890,
41618402,
68692398,
49554732,
55996504,
92981611,
79405158,
50677676,
86436913,
54510096,
23988849,
76251541,
1071030,
44351229,
95365661,
43578576,
40110621,
56412471,
32115651,
98045618,
1528723,
13168143,
52741817,
99360970,
5563037,
2479909,
22948332,
34318594,
75313540,
67791125,
64964268,
3673730,
22101734,
35222676,
85557435,
27882030,
25314737,
95644939,
84246562,
35135692,
68908027,
3953700,
21868635,
93997302,
45810134,
58969784,
43953237,
24563620,
98786810,
87713621,
71307080,
70745827,
4799154,
441069,
53852491,
29072967,
22867382,
42894870,
83935924,
51310646,
517542,
12564222,
59787276,
65837987,
81355318,
86936773,
22732527,
81242090,
76375811,
32979722,
5943745,
24749464,
86786315,
80488816,
50564939,
85956810,
89074614,
54293447,
17555564,
23410849,
34971740,
82916150,
9098954,
17617868,
83195516,
23042150,
28199698,
2785122,
92837283,
73971072,
17195047,
4636134,
54732804,
65170310,
1713441,
61493596,
67169548,
4635261,
32704949,
27434062,
33312739,
32463649,
98441338,
33518985,
97887762,
60518562,
72406978,
66668014,
27726928,
10914713,
85791682,
35585064,
78378501,
92231446,
16477597,
43959964,
95391299,
71679041,
42005572,
24524337,
49179170,
94014135,
78668234,
44926665,
38664846,
40227681,
99191915,
4726404,
41592319,
25957625,
26326270,
11285500,
49649388,
30806411,
12362975,
69465659,
44321824,
86536501,
96334784,
79160287,
46633993,
63196136,
98226737,
31885017,
41109205,
29053203,
48349350,
8856524,
79596861,
55581531,
16709731,
278562,
63168027,
80157648,
99360643,
70987265,
53692527,
33044427,
31414730,
63568576,
35020113,
75188366,
28946871,
15620015,
3538204,
91430198,
25967911,
54165198,
59058812,
70389755,
64707321,
90116939,
11189474,
66218107,
78184862,
26569627,
46678460,
81213812,
25440334,
91034906,
32986392,
83317797,
11111838,
73930984,
46599526,
83783076,
23727093,
5462388,
83803581,
92619161,
61529165,
48825379,
68358352,
49751047,
10034223,
22298534,
9966850,
16836341,
19887098,
41331495,
44105038,
6219706,
94172350,
28135843,
66027959,
68025045,
12055850,
2701987,
9349296,
98588132,
66663398,
26664233,
83956673,
59467006,
30626911,
28392899,
28888765,
41398196,
30972214,
22491280,
35295612,
29190013,
3501017,
75823461,
79512206,
98944494,
7028318,
28787202,
58076657,
64388640,
75620676,
33557568,
93743576,
46659849,
83113178,
93124658,
69980598,
89767958,
15813349,
71929388,
47437466,
10082014,
35835310,
21117183,
7524445,
76297344,
44235464,
34595590,
40433460,
99053632,
72433505,
89609609,
3211961,
2986778,
51044601,
75311585,
36295531,
4857868,
27188606,
48319450,
26730155,
98347095,
61821653,
6158821,
88807123,
25345655,
36135888,
41406501,
70052524,
54977754,
54959102,
53001505,
33634678,
69542203,
55118778,
63593677,
23841698,
84289589,
70676923,
22441811,
90001125,
83639915,
38173788,
72115074,
27677763,
76777127,
16915855,
99869532,
93831347,
5439623,
90055657,
66440867,
54030034,
44059126,
97044027,
40210975,
45562267,
21270081,
732913,
32805484,
91089933,
24671526,
9527668,
40120393,
27562440,
76608886,
51931107,
69088114,
5461097,
24489758,
16512751,
54945625,
32947900,
26503438,
57357858,
47561086,
8086617,
39775505,
8316585,
53676011,
91098936,
6880494,
63040215,
24220068,
19614570,
82202921,
15975183,
40442288,
28911007,
4648869,
70961489,
37181243,
51819406,
88450214,
14166700,
52569752,
54486598,
51119166,
10677394,
12952810,
46119854,
21427642,
48289791,
51043126,
97263741,
86224134,
13684228,
62618468,
51580107,
91599369,
90253252,
51976019,
78318594,
41546546,
2140162,
50457345,
77499518,
99546477,
26614486,
84377878,
47193716,
96385342,
18991722,
14446497,
99028062,
1821072,
32892581,
91123480,
52394820,
13578707,
61669075,
79126530,
2830646,
31063271,
37862535,
96091271,
88024041,
9725237,
21061241,
70181590,
24058410,
25390742,
60552536,
56729796,
42242471,
78075861,
2242908,
41088997,
50899769,
64693241,
3688167,
12280193,
12256681,
37847273,
97615138,
69394658,
70453918,
31275395,
39058281,
61136608,
68171218,
30244448,
62836563,
14679910,
73538860,
70952437,
57061939,
80179547,
10019250,
93609608,
54940166,
39142057,
81697834,
47334734,
62516177,
36738661,
27575853,
18559019,
49473236,
27304792,
957872,
76212620,
83284842,
78399797,
97622500,
74343818,
12114,
80566900,
83588170,
62615154,
46830315,
27166361,
83604506,
57039689,
98570075,
70519169,
15659698,
70846715,
97141366,
50794432,
72159240,
74277919,
38664450,
2447192,
63451349,
36498066,
24611562,
4561225,
95878658,
3449891,
53892772,
15284587,
22079675,
60353904,
69785885,
4271132,
769987,
9845862,
41877320,
51124390,
50471192,
39088649,
3394044,
6931275,
2404296,
64133267,
1541261,
95064953,
45299868,
4389553,
91374701,
1509440,
64100378,
83449807,
6218694,
8399628,
20564331,
29787435,
81535645,
14738889,
48980353,
73551941,
88607281,
68130761,
73901521,
19230117,
65780677,
96264976,
35638570,
55658651,
45211345,
79948129,
93957384,
42005820,
48667717,
60907750,
37754836,
70611355,
94022543,
21872723,
32398259,
98459397,
16908317,
56570401,
89655047,
91162736,
75788339,
96965144,
49044821,
26558652,
90027044,
947026,
36432346,
4898351,
57875217,
65540061,
2317724,
6912914,
44605977,
80135309,
17769191,
34532868,
45343078,
85280695,
93702658,
47715052,
8670526,
57535256,
8160706,
96090120,
91352379,
14980366,
74971883,
17451589,
97526688,
56525018,
10262495,
67868445,
12648195,
13828764,
39144818,
42060298,
78704395,
92595522,
44980267,
59045299,
39436905,
87110196,
46737683,
245269,
19530717,
32934358,
60747234,
34941481,
25655887,
49787728,
9610714,
84459957,
80001569,
44232756,
13175719,
82856063,
6475149,
47567078,
8642407,
68013692,
87830545,
15021142,
82072203,
49893821,
51829077,
85432447,
29623102,
6821493,
4599293,
58589166,
58906031,
64017148,
29359516,
6384731,
9629723,
51313799,
13614825,
50918113,
24114812,
8766771,
89740689,
67826177,
6918252,
64302512,
13226409,
63589574,
89906965,
41087226,
88366170,
25002411,
61288979,
47724400,
65691766,
98624434,
59177932,
10533922,
30222745,
39212586,
65766542,
93690223,
52284029,
76462101,
35314415,
36791962,
29817409,
86450480,
65372033,
51383313,
6305524,
31768503,
41977560,
97933672,
36242594,
52421941,
63937932,
20400690,
54774283,
98307888,
87275572,
45292326,
61124635,
97371884,
49008698,
43908571,
63950898,
14471089,
33538243,
73610620,
97837291,
40437648,
45117891,
58439389,
73846085,
98702265,
53416451,
71067735,
73040700,
62723832,
9393251,
92622536,
94973327,
85453572,
69105353,
80503308,
44031432,
29894598,
73143263,
32679123,
91700188,
88484138,
78105927,
57673402,
9050760,
13890905,
51837630,
99486033,
11553935,
98738144,
20262725,
55058648,
35251772,
74766873,
86441535,
28886295,
12957069,
27156264,
61693578,
55707373,
86006252,
65198882,
39757819,
72410559,
70191259,
85118426,
64433413,
87523545,
10647915,
83251341,
4798553,
59558899,
98749916,
93907194,
39777739,
23357241,
96851901,
49473027,
23402658,
21338111,
46907585,
52452345,
19502361,
17200082,
5943261,
66552589,
81854751,
40217360,
83363148,
41570258,
21433086,
6936565,
76167726,
89291099,
81098947,
15467754,
27799355,
51192121,
61169128,
5745148,
35364496,
75942771,
65137127,
69361244,
7848608,
57231267,
61511160,
95146970,
55724325,
69929278,
89967081,
94271472,
44199724,
69800504,
40875516,
5350426,
97738880,
34672351,
6245037,
96290108,
61340895,
34433039,
15736439,
27350977,
62574678,
40663813,
54396745,
75866310,
22328388,
45836245,
1575162,
92105289,
13871499,
7725651,
55728927,
76222189,
64414406,
50934423,
90383124,
30882983,
59798925,
41792760,
51365358,
13556206,
92716150,
34984869,
55808748,
9670197,
32988336,
52456428,
89894619,
32209008,
87547964,
49767265,
38980486,
30374831,
14506359,
3688613,
52788631,
15813212,
69354655,
66104523,
42309682,
38258580,
20465734,
77460634,
58518589,
29970520,
55758068,
48156597,
59040717,
59218996,
1366650,
87022977,
8231649,
21801209,
77607546,
86081358,
56986661,
7348137,
94111066,
1018951,
20162485,
84099549,
56432844,
65006961,
29921415,
94986820,
70790113,
30663875,
59736514,
10650353,
69388816,
21039371,
14613108,
20550999,
91927116,
89551605,
15647114,
24591850,
78148029,
73412850,
23480650,
77619549,
38049928,
49686194,
45541365,
84925569,
46944714,
92496772,
31154333,
62434676,
44493164,
80213702,
39357412,
21533663,
3227074,
85893654,
39050037,
76459071,
10411176,
59801063,
59165562,
94838773,
49979625,
71531818,
30357820,
34975871,
99198990,
78880738,
48828765,
36619201,
54340440,
72162297,
57611967,
42939908,
85109710,
11858197,
10425564,
26449361,
7851589,
51825811,
27010896,
73315275,
4323380,
29572605,
56126693,
24387657,
55540908,
6947121,
12484498,
88395272,
69765041,
61410840,
46528272,
68453727,
8293299,
32966033,
7704899,
79779328,
47939155,
21577936,
92392221,
22329074,
84679584,
48227713,
91955454,
47559297,
66180573,
24143779,
52986086,
99581458,
43628919,
62091899,
22995806,
85562577,
11007949,
55185100,
53429043,
69039350,
1526211,
52391502,
97627706,
28364400,
22637356,
72425970,
85033298,
45378188,
40246154,
92344891,
59969078,
96999627,
74333031,
70208466,
63271388,
50560718,
89260781,
72814707,
99475501,
88377647,
35984975,
21234759,
40504353,
69007808,
31035734,
67962730,
33695339,
54232557,
10715641,
71095092,
63703846,
76761935,
37644794,
20328610,
15850386,
53190286,
52560659,
489807,
79807861,
56082649,
70422100,
13149930,
72114171,
52941059,
44803075,
24387619,
54688414,
2399018,
39381076,
24895261,
95868335,
40876939,
81578452,
5018086,
65774268,
57373298,
82846074,
1455864,
15031850,
96632503,
73189105,
74812508,
27791729,
35214646,
17946110,
88388072,
75836014,
79729885,
71691075,
75373885,
49048900,
38663094,
79908166,
24828573,
28266773,
44921131,
3849999,
20347897,
79741610,
85615721,
39219162,
75982150,
58030965,
86480273,
45954648,
15693754,
32854337,
1451754,
64598465,
20998840,
42916057,
32370646,
53099359,
16656505,
49633206,
69684226,
40686132,
75923597,
51856807,
65040157,
20450469,
75888767,
31235131,
14142732,
1322359,
36779135,
7395604,
39831633,
49851330,
37998756,
4494751,
85200985,
92767740,
69510751,
97524372,
15667570,
63906662,
30342249,
98643866,
36815396,
96808703,
51387132,
43485308,
50753848,
93163440,
9616246,
64957469,
38710247,
27185040,
785104,
25344055,
16442734,
97136994,
11479149,
70286341,
56064892,
38668925,
36338445,
67648194,
34767234,
50284426,
36028132,
5168273,
80255412,
80561686,
18401854,
71058660,
9499115,
13255028,
73438290,
66390848,
77362584,
12479221,
39661025,
11543701,
94050058,
20571561,
23890639,
88051535,
7089398,
41978392,
52835622,
41798589,
68105381,
4962515,
17065630,
1408636,
82355141,
62785839,
8620607,
60943427,
85250734,
80348702,
52896601,
8430775,
45134188,
7642801,
42227558,
6557866,
68353296,
66593540,
33441875,
39286360,
2277350,
89090612,
19414705,
88944672,
50046591,
10539561,
11876481,
17970551,
18033851,
6417884,
82077113,
28265148,
15939411,
51728590,
30112638,
89689795,
95436344,
79378440,
38969082,
25451697,
38726240,
26304598,
38457507,
18949017,
7970906,
48267914,
11005655,
75737298,
19501953,
40409625,
89597281,
48833954,
97458107,
14002255,
22993201,
53725117,
97774692,
69386300,
9236543,
42803681,
14629938,
19439164,
59266393,
37265169,
15528184,
56806716,
46323836,
98817002,
48677110,
61416767,
31509319,
23700470,
24958130,
92166579,
55744756,
99347035,
88342065,
4222167,
32291350,
45757083,
6788568,
62465011,
34975781,
4132322,
53011503,
59464859,
6950473,
1302414,
34526963,
27137958,
23664059,
87639839,
57305788,
87231958,
85302823,
8254991,
77424591,
93144158,
19923,
9972798,
32776815,
13187741,
28347343,
81746675,
74798246,
97914067,
70348840,
78139174,
94887770,
52465950,
97751112,
60209093,
7223743,
7853324,
11245836,
6487407,
45058876,
66127439,
91953984,
54777029,
31114415,
79741406,
41054571,
28396899,
45940226,
97088584,
48298573,
65758516,
37184432,
57184655,
97554782,
50908229,
88868267,
91696091,
91062665,
33032721,
30432962,
9282948,
7693609,
11946805,
47026960,
31112934,
8605816,
45834069,
81375186,
75470353,
18266621,
45859562,
55761178,
82598080,
3168365,
78264362,
99197283,
40188453,
57768964,
64160375,
94447933,
75665625,
16228212,
51173694,
92417341,
15313509,
47455599,
93924645,
28509641,
83177822,
30318537,
64754607,
41503106,
74806487,
99750963,
38569865,
85551220,
6776624,
55984647,
92187257,
98915608,
43846614,
68850013,
28103951,
31569996,
51123112,
9461713,
59917616,
34551719,
79450168,
42949951,
95451826,
60083338,
98124150,
13385322,
79617341,
9318372,
21079062,
11634159,
36826414,
14128564,
40069706,
47576043,
90905608,
7240529,
21627796,
45662502,
87447811,
84024063,
26298269,
63650932,
94116384,
43855360,
67925968,
93734773,
36634494,
4989440,
67882001,
95773947,
23674499,
15526212,
97405482,
73252654,
9531504,
99366123,
62699738,
64130306,
9728096,
10696293,
17889870,
85832354,
58836330,
73438382,
15491114,
16087087,
26926138,
44335825,
41438850,
38920064,
76807319,
60383239,
79156217,
80519006,
60325358,
47615438,
26141042,
87910370,
74582304,
26369590,
12930248,
4135969,
53576512,
89941458,
54839883,
62098288,
5030128,
6343393,
7008422,
33553275,
46526514,
8995628,
86899448,
62410937,
93778956,
75147765,
57332894,
88683808,
12509905,
33425976,
61973111,
51922068,
81759156,
42045842,
47567008,
49894138,
54102784,
1077353,
88652355,
7259620,
65557615,
77879429,
7099772,
32619583,
51026549,
64715320,
32794522,
67647767,
28016649,
4648006,
6609149,
85137832,
89751850,
65272356,
26577502,
40244325,
90222784,
51646006,
45591309,
1835526,
62767684,
41892408,
355039,
13938598,
75305314,
31041619,
82801213,
57182360,
95707294,
59027443,
16636781,
32016184,
22297824,
20728257,
17455126,
56675440,
38939964,
10719945,
19779918,
55342631,
34449160,
64911870,
71625535,
45238953,
74868786,
21722474,
10191376,
3806139,
63357832,
81652185,
50414411,
355180,
50752294,
65970728,
9039510,
13261720,
59831078,
96006876,
91036634,
85659061,
66930708,
34714061,
4029486,
2788348,
23679360,
6199248,
41016652,
93552283,
39805246,
44901680,
5625545,
3630872,
52419848,
75446531,
5890925,
63458268,
72457360,
99258554,
16215587,
82457046,
87686243,
51576608,
4851420,
11011128,
62817960,
36089970,
7747245,
57862499,
2026921,
45757377,
18680360,
34048609,
63086338,
66898189,
67457337,
7113911,
41072011,
27924131,
84506380,
80355522,
39302092,
96708767,
82512399,
37132006,
24529139,
31091398,
56451064,
4075614,
13710215,
95632534,
50801804,
60478269,
39425960,
48308519,
88734940,
92721301,
9107267,
37080513,
94755988,
12435155,
26220773,
49687863,
68713599,
71947224,
91542550,
93738565,
47467643,
38679088,
92718041,
91176576,
89136386,
14387090,
71473446,
81124177,
84018072,
22081960,
23005278,
55782383,
70100037,
56581335,
13196149,
53301657,
48503303,
4250038,
67415356,
9862179,
26834325,
63077981,
65538852,
74500155,
78457150,
2155411,
62681241,
18603034,
18923674,
2379619,
73223877,
25229335,
50805193,
32124721,
60315097,
30751800,
27032012,
86830950,
34358975,
91024104,
81404390,
52211014,
18999665,
11316486,
46324750,
90285913,
45908152,
23637692,
65722932,
85906789,
73459320,
60978123,
45667119,
619100,
26554444,
78836816,
20959564,
13466259,
97690880,
72594977,
35468957,
45951633,
25204311,
30708163,
28507639,
86530090,
42609659,
73055859,
12749526,
7728119,
91369258,
95118422,
39205114,
62408406,
17507741,
80789664,
75315050,
41537207,
81913768,
77512626,
14056804,
8304879,
58426566,
48291062,
86676954,
29279873,
34179384,
17325352,
13021226,
99255251,
67979040,
40543482,
57403851,
79993589,
57404179,
28900128,
70059940,
46153951,
6496743,
567944,
5187772,
7199072,
46644525,
6709971,
73469962,
68685936,
8574528,
59621345,
44755484,
68299600,
69160293,
64957706,
75990013,
97776855,
13252448,
88992494,
99870416,
57905954,
49553405,
81463302,
74905120,
71269031,
24665621,
37518115,
23262034,
24132053,
69558437,
16539343,
23138532,
58088605,
94427038,
94416955,
54240481,
93373783,
144024,
58427458,
12194115,
97703582,
4882953,
71060140,
10986834,
94031358,
13531264,
43950751,
58045832,
68038338,
59548920,
94396490,
75665778,
86312114,
42474634,
95474694,
73522889,
44403850,
58621160,
76140157,
49626102,
30586760,
53314097,
54952581,
10774576,
95823760,
56922586,
90916391,
48436118,
96381564,
57895837,
12941152,
75579706,
79425088,
57175068,
34074417,
82848656,
40787433,
71387089,
32140667,
11892524,
80840554,
79078359,
50242453,
63614059,
75692690,
36445191,
73826231,
59422543,
96801728,
67642147,
37094875,
13384310,
51048836,
86483544,
2442617,
59583716,
61134682,
42277792,
92139608,
88953082,
44875175,
18839721,
91831950,
3226207,
68901925,
95417013,
62571640,
41696706,
89842689,
9585995,
39682128,
16496491,
56167560,
21780303,
87212220,
35902801,
83984320,
52966853,
49561986,
96225797,
64691498,
69893157,
90114424,
75319334,
11947575,
92946176,
23421471,
44712601,
46443697,
3149891,
17438452,
40205440,
60933224,
17170285,
78406146,
21075935,
83877748,
66868926,
88052678,
82334371,
77643371,
6225316,
25261532,
53340718,
70039789,
75334447,
89939363,
8973262,
42115935,
32867610,
56601024,
53158261,
3400408,
7277636,
64278465,
89425306,
21738160,
53722291,
20886029,
23343641,
81180378,
98792855,
17139732,
27791443,
31813399,
9395146,
60363285,
78612122,
8990140,
90885607,
32929533,
43492722,
9100936,
62869679,
28996822,
74268273,
47951352,
4777964,
39034617,
38686012,
41800264,
47841338,
47455937,
97642302,
78337058,
57515688,
67580927,
27460451,
5083459,
22199242,
8065987,
81351399,
616183,
59303946,
29448780,
74188947,
57103888,
95347832,
83959757,
40490991,
22228045,
61253616,
83188743,
61482100,
10651495,
32916,
7401356,
36087729,
84434836,
14905389,
89437228,
32339614,
11712976,
73890540,
64521301,
58066914,
85466396,
51039372,
28771106,
62313426,
14876746,
63760928,
84908266,
96367922,
73150266,
61268864,
93622089,
49942112,
64006434,
10343981,
50662088,
36544931,
19096093,
64773724,
1340373,
19395592,
44318953,
82928578,
1412685,
56714422,
26089157,
55509222,
61304894,
12928630,
68088427,
66332678,
70997104,
9314381,
5284015,
33357392,
2285334,
52424636,
97026092,
66047751,
1215355,
99648611,
48787838,
5310552,
15248913,
81165566,
68604480,
58224030,
43644315,
38196187,
6741882,
18462544,
48575450,
61820122,
44605880,
38335532,
63981609,
66832917,
89220972,
81188825,
39670783,
2569848,
93631371,
95450521,
71874871,
93257276,
48334261,
57796666,
28937204,
89473678,
88108080,
65037010,
39393453,
78672335,
43907798,
53490257,
90227446,
45207319,
33372570,
1817383,
8845646,
59110039,
7889181,
61001966,
37301143,
35915662,
21614024,
48883496,
81764250,
67229520,
54493077,
76647899,
28972326,
50239837,
96264258,
2100735,
44584434,
83553892,
16046314,
87752754,
77692796,
47816519,
15169986,
81761319,
6245971,
54377601,
1249570,
70703086,
62687053,
19972303,
49247883,
35039173,
20839407,
18309006,
70333650,
31158741,
16239421,
27167445,
48188169,
52472814,
65827481,
31553164,
5932515,
5386660,
28906592,
49159696,
22653985,
18864112,
10187114,
50889163,
97386139,
7805152,
1290334,
82710899,
60481630,
23666317,
75028835,
10886363,
5463818,
4210223,
29670951,
86693759,
94279961,
50651758,
46797419,
28487606,
78745161,
74871507,
79992737,
45688008,
94388088,
4781658,
32380541,
62919077,
29232788,
74271815,
86588879,
35418686,
80599144,
21022608,
57265107,
38528237,
14623164,
18163390,
10907474,
56574078,
35018645,
58182767,
8921219,
87400264,
40104897,
88474925,
8814637,
81736596,
178439,
64714128,
26576070,
86881688,
81113330,
43894034,
41551544,
74008931,
19403494,
24138698,
29573560,
53768596,
4547766,
19306627,
15708303,
17014016,
12905625,
79080270,
23954366,
43807160,
45127984,
6108141,
4735141,
16931293,
92072412,
35183920,
74231288,
99127553,
98644187,
17872784,
45495912,
40775038,
74220714,
75498165,
30722215,
33851775,
37467182,
81549808,
27344498,
40090537,
31913969,
95133626,
28416375,
54600253,
85507265,
8927842,
49986693,
99445848,
32421686,
30453372,
20319011,
10482051,
58795364,
70154776,
50933332,
43362252,
45535427,
55953616,
33925542,
71463427,
1560250,
64179856,
3816764,
89747148,
23484347,
6454762,
6108637,
10792029,
65679497,
97208212,
47552980,
46274769,
32038155,
59749647,
37736008,
47024928,
90236512,
21462420,
22042571,
38532535,
72299878,
10077807,
55253432,
5932160,
35728840,
9924053,
97696527,
55944839,
77766784,
75919012,
97385287,
56652399,
14240402,
64439180,
48979616,
2950535,
9786859,
94403074,
23557634,
59119075,
4894085,
31321558,
58698705,
78526050,
76083744,
9139843,
14484905,
3741156,
30977946,
27183173,
38940835,
53881136,
10601388,
7389909,
57069631,
22631296,
54108156,
31643474,
80126501,
80467918,
3427183,
15721762,
54580526,
11890963,
31083407,
74045234,
94451778,
84992756,
30022935,
53304130,
6666980,
78107133,
98750740,
83751407,
48334165,
40238884,
11995580,
50154008,
99078969,
39058038,
56609844,
2290068,
96191412,
75483767,
69286991,
37970575,
80791868,
3824040,
37911531,
47293724,
11620212,
92939969,
69129334,
77256250,
11930083,
79717890,
93402150,
14214670,
64064655,
7580857,
94174832,
10783932,
2037712,
55529014,
46961487,
24021158,
78365123,
31096527,
71448760,
41108691,
24893133,
93117259,
6424085,
35601661,
66436253,
31865763,
71925867,
98421708,
63388164,
33439699,
40983471,
47118623,
12238096,
39534083,
7167013,
59503518,
27898987,
36869957,
63785436,
45191327,
25886436,
81806874,
49914752,
82328127,
71771846,
17068770,
57887251,
38623737,
34104007,
49327665,
54824884,
78292539,
83719753,
69973669,
72383440,
52116924,
83010446,
89973650,
29742226,
16054585,
49614237,
28192902,
91707645,
31836671,
45171177,
20938337,
20110838,
7243169,
40212793,
98033888,
25765410,
44434389,
30768824,
11175087,
42879159,
46830760,
13154230,
4609887,
78823889,
74590848,
72551318,
17715052,
37426456,
9657297,
14076523,
65304632,
71764295,
86880804,
79781165,
40782624,
23957078,
64320924,
57713917,
2496243,
12745396,
78204528,
9134297,
68129979,
69554176,
73306206,
82982382,
63579947,
5109408,
91830450,
72355579,
79543519,
38741991,
69971283,
99185618,
2737346,
34696301,
54656473,
80391377,
31139136,
22387454,
88794500,
28824815,
93080960,
76770685,
55477758,
30123346,
50268516,
30659543,
27912599,
38350,
73678779,
53858694,
45619885,
38452514,
43487888,
93025456,
14250810,
48422202,
48836933,
30594343,
71816609,
14121351,
72255819,
58127534,
69215045,
39637700,
88940606,
91045946,
59217590,
65464591,
31606218,
83166753,
24292000,
15316876,
53230352,
69891580,
48000625,
90209780,
69617632,
46551867,
75546693,
83543818,
32981857,
45267295,
38594910,
69522640,
18896977,
93435751,
81409169,
4398452,
53596458,
87316675,
41677545,
62856275,
94717750,
50305782,
50609589,
98623132,
85760994,
58066131,
1080265,
19758203,
64043765,
57947136,
45171267,
92976154,
66221423,
93073364,
47687580,
26163939,
79189705,
56914644,
53789910,
40253310,
11165198,
28151182,
80762551,
41016988,
33452978,
99646141,
12868708,
42283382,
43540688,
3773797,
4147347,
91366328,
83628415,
91883528,
52739640,
11621183,
79613849,
40018115,
5342397,
14946895,
42736921,
94791027,
2519971,
41562564,
82039830,
93930595,
38883212,
3246539,
64222729,
79622010,
96297446,
90495576,
55220086,
7628604,
94741126,
96890355,
73197607,
87552939,
88245961,
18960512,
1197828,
80319595,
99301459,
71467643,
29049361,
49797399,
54695494,
52733880,
62212221,
26542408,
93767966,
57341661,
83040986,
74586325,
26334514,
12350486,
76127534,
3195505,
22495865,
21926765,
57414530,
30491387,
5919948,
93903162,
90478716,
86190153,
51085540,
84645221,
53313019,
79352843,
32507740,
24704023,
31435908,
77094659,
76488165,
52378863,
21916907,
50892742,
37011979,
10171947,
68386528,
61078095,
73798581,
40435829,
30473978,
80586535,
70700099,
9972158,
663442,
16040417,
62474435,
19018057,
56987214,
62715390,
7409763,
64545615,
50561067,
22061248,
82145463,
14629251,
12376600,
53775998,
97722560,
92862767,
12899383,
4548453,
49571103,
58221731,
91315378,
88867765,
61722589,
38692184,
98174116,
6007416,
46750621,
34129261,
74341993,
12679741,
66962045,
87876082,
67111574,
24602421,
81211808,
50148331,
96575125,
57941089,
2839808,
91383737,
50078671,
54199386,
1583898,
53952110,
28804734,
98421373,
4077277,
59248727,
86717421,
63986940,
60416431,
55335335,
75904683,
16766699,
8702768,
44841438,
58490015,
27910981,
95192041,
71214819,
1306500,
70832700,
86673208,
79492540,
36455970,
87188356,
99752003,
55765754,
57889771,
50252157,
77143468,
60500170,
5528303,
74048075,
82601939,
61279327,
60402517,
49463933,
31467242,
53707620,
83918170,
1510444,
49293379,
95511764,
58395077,
23014182,
29235048,
60561115,
65695474,
34540996,
42356177,
47117291,
23207938,
40281747,
70063513,
51664054,
62917624,
25698115,
46867385,
4666737,
55098772,
60454652,
25486803,
70438956,
76459018,
51415658,
54911008,
9429406,
91919259,
48031715,
66505847,
54268328,
83426763,
303586,
5955065,
69343842,
43616110,
91843017,
17938079,
34684655,
58154063,
92694141,
85872370,
35785443,
60508556,
25388300,
19719969,
9837477,
15713551,
16225219,
58889849,
24034973,
20708017,
35205595,
96911834,
843106,
73375860,
18192917,
96804755,
90391023,
21128806,
86325473,
72171654,
76000304,
17148218,
52359469,
49006770,
79979040,
70567946,
90992295,
31056190,
12753518,
91101347,
72239468,
5773779,
73026128,
94134358,
51533959,
58304846,
8137771,
65389736,
92486341,
52956184,
62869547,
48789779,
87896037,
84511465,
64756084,
85789740,
20639145,
73122949,
27985045,
20215170,
79853843,
51872475,
87500344,
7533273,
12168495,
35404991,
67466265,
89581233,
52282523,
58793963,
42033891,
33587497,
49869736,
93900730,
8921259,
45263438,
66150852,
26216018,
757164,
51196554,
66558979,
65163117,
928819,
53070580,
11048143,
46519746,
92284888,
94131987,
17785210,
57708982,
16490861,
52841221,
37218284,
11700513,
60896493,
37099970,
73010430,
17107304,
36140775,
50796791,
78557650,
38029258,
75475753,
20328476,
10074209,
40190368,
85315323,
987713,
48889739,
99836605,
76598586,
44320866,
36788263,
37285714,
66043556,
23429655,
49128664,
21222949,
69563889,
4685265,
14598420,
16941868,
30576666,
87299545,
36994995,
22603443,
42736708,
20842063,
69388687,
51011304,
20643787,
33918294,
58707195,
60677812,
42036945,
67242564,
91759952,
39369460,
65847917,
58583707,
16435363,
90335553,
2735993,
47602161,
75208309,
30029797,
54013471,
21628069,
58048664,
28864540,
28466838,
9982824,
76704215,
51922412,
19719762,
21994305,
31462934,
3494780,
72456121,
27248681,
20908813,
57767038,
34208702,
99997916,
94844874,
26146050,
12169859,
32997161,
92070874,
83767160,
1043589,
23119772,
15172959,
98977811,
69055908,
51762217,
95553623,
32575683,
11925861,
16750292,
82185276,
1175687,
7081879,
6500995,
83905271,
62389577,
39551301,
81277537,
70091811,
68491644,
46755081,
30718952,
37322811,
42559533,
85818532,
55486799,
3889924,
87847549,
44876866,
93074539,
45759773,
82692560,
47712540,
87120827,
35654319,
77868697,
90200549,
15416956,
37749852,
94510862,
99542172,
55311804,
88491957,
74911697,
83944154,
3270482,
11231877,
24134584,
47030152,
77667385,
5254004,
62535531,
7040315,
15654782,
61177367,
50064553,
49196009,
97189414,
87856014,
73946045,
82670295,
25805450,
91935783,
23625548,
68038381,
55417822,
33472353,
8661573,
16124939,
28262564,
27525357,
66822657,
22071929,
58414268,
53866636,
95174789,
52124689,
99399893,
80052562,
78893995,
50172107,
72098706,
28201817,
18463556,
12733539,
84027079,
98684587,
23359892,
32635519,
38304641,
89201830,
57787790,
13533925,
68555570,
89406893,
16366014,
97828693,
16848711,
46402737,
91858534,
55685076,
79119331,
23208069,
58341922,
85104602,
77908831,
62682363,
58596781,
97094726,
91808671,
6337590,
97322807,
27326985,
55688825,
34488856,
10488123,
16180043,
51927014,
69922788,
99211344,
68053252,
34251045,
19352513,
86380767,
2623720,
60322291,
32760557,
31257810,
94571042,
46951641,
56189894,
77252247,
11498449,
35693143,
71004920,
8123155,
6198336,
56870502,
69202145,
69311479,
83612377,
18765032,
24186463,
33027925,
79927094,
24999340,
74989976,
58133195,
38739890,
90784348,
70560589,
32042460,
24754567,
13589969,
98956926,
5532931,
44643445,
88766007,
57161809,
95148955,
21404769,
92230102,
66808044,
2455067,
21269963,
32459483,
35384192,
92063023,
42270067,
42316864,
15718622,
20857743,
81213614,
69099569,
57657899,
99698541,
56144724,
16898419,
54477011,
44218970,
92865393,
77299327,
96035136,
31980644,
40002707,
65984792,
63989539,
32957549,
67520201,
41532445,
2032943,
62344300,
16945459,
39273090,
45137807,
65970818,
96791088,
21260135,
50482109,
67555828,
32735375,
58256398,
40849210,
63142740,
66608888,
76436090,
46444769,
84297729,
23150287,
71470914,
52988279,
46886592,
5354331,
33453813,
98864827,
74602400,
76001942,
57509397,
3852,
58184431,
36489081,
93460465,
40091422,
44285571,
86792371,
92448526,
88793019,
63469044,
92307154,
99463706,
86747862,
56757406,
31193109,
26932722,
40773350,
76730580,
15602276,
57059601,
5368251,
69207980,
30620570,
29119022,
58343989,
41270901,
86663760,
54522873,
97947225,
92238074,
6996621,
19679558,
9865176,
79111460,
64466189,
33529180,
95151654,
3607820,
87809494,
9874966,
27251314,
67416447,
14526785,
69367025,
88056770,
93651500,
5065286,
41821966,
87361639,
48850404,
18318847,
22047978,
94410874,
12631207,
74995963,
42074152,
58058309,
67526096,
8890652,
75033776,
89091280,
78244574,
8051776,
90794055,
86220573,
43780795,
25909145,
97898982,
13805325,
41100511,
48320997,
78762682,
80086344,
91875378,
53222460,
69975278,
45844606,
5780706,
10802465,
63353998,
77131625,
73140804,
35759462,
69954492,
20627207,
21570858,
32777710,
88618639,
88895063,
4676246,
2413452,
26564856,
30915247,
59872696,
86182349,
37824912,
80967312,
91331404,
30863591,
89952653,
88952344,
87762342,
43212870,
61553896,
20894729,
18815534,
13585902,
18934153,
58261173,
27610101,
29808097,
41816617,
1574765,
8962626,
78207996,
59551860,
47965891,
67645717,
35161320,
1266227,
20173006,
27616180,
92826445,
45279321,
55418241,
14888156,
38634179,
92329982,
8776731,
46514122,
77736717,
68051289,
66928240,
72385743,
90397636,
1874610,
98900629,
37442333,
1245053,
86301025,
36635893,
28749727,
62655439,
53533617,
21180459,
93544378,
95223293,
20956871,
69894272,
75501326,
52152318,
73141967,
63806534,
38143485,
59740601,
64435408,
50373285,
64344861,
9901714,
90389281,
73673655,
93961946,
51446435,
41855193,
23685750,
51808080,
19034219,
40766256,
57964997,
29894671,
74313488,
23995481,
96532339,
66262543,
59290097,
18100193,
10301274,
22123185,
96146912,
52429417,
23099152,
7608343,
3732461,
94891309,
55622872,
49772645,
36973745,
42420332,
11437458,
27129121,
71454162,
43796014,
29956122,
99808667,
9893341,
95678566,
64962927,
25301822,
45405448,
16436804,
94250026,
30671043,
44273305,
88014301,
35697839,
25202772,
14309659,
47013706,
1385632,
92739360,
96099291,
58458439,
43703923,
66284323,
88998361,
71961563,
13583495,
83452100,
42178901,
2153401,
95122448,
5502186,
94190276,
65413740,
85156108,
28474206,
18693593,
23572989,
25680259,
14222989,
41246408,
66702847,
72601979,
82536980,
88820598,
70856585,
72728993,
15435796,
55658687,
72266239,
77056406,
46743093,
55913366,
88665367,
90296071,
97293840,
28631505,
37706243,
46949271,
2758861,
52471065,
3209454,
58679295,
60848595,
19893804,
95315773,
62820459,
46766828,
86066139,
40332066,
22432253,
162851,
53527501,
62448463,
5679560,
10706230,
28299060,
17170178,
90453446,
41428131,
13672108,
65172279,
14236,
49293945,
70816149,
56448671,
80176772,
66784706,
50378682,
80777907,
3327838,
32928134,
97385,
2061601,
13607738,
91262540,
86536724,
2194436,
49021236,
85593361,
40727522,
50890448,
28031656,
46745202,
19824993,
46210523,
62513907,
57314176,
87656192,
57564007,
37035699,
60211598,
65294366,
50149101,
18440349,
18444341,
44575147,
69520597,
91416117,
44885453,
46932934,
718283,
55824244,
18510214,
90835776,
25358693,
58703794,
28829551,
18580514,
26341177,
62582819,
75591783,
2911276,
76960307,
6604137,
2586856,
46915895,
94919664,
76216659,
44394580,
43051394,
56479043,
74048643,
35892734,
26555330,
32661873,
77812846,
26922836,
32343843,
78312440,
22369739,
47631824,
73248141,
92570312,
20196545,
96446638,
88721965,
14687421,
61480806,
41260246,
85884832,
55369792,
21564048,
1353659,
48921922,
40840446,
87317965,
63618100,
65963498,
30764647,
94846034,
22669857,
54051455,
76373945,
17998969,
55375878,
75418619,
74104749,
1836633,
86377517,
41833777,
60338175,
23930063,
39288565,
73786265,
74146152,
51745384,
76084494,
44497249,
96330622,
82941845,
51744715,
53199316,
92621708,
34005295,
68614492,
38195551,
11163026,
26857358,
67571789,
12371608,
32000957,
1678990,
70785809,
3713031,
4399028,
88503183,
98367751,
94202781,
42331795,
88172407,
68260356,
81086480,
37565127,
27941820,
42670065,
49604793,
16787444,
17991429,
14967347,
36886082,
44311323,
10740375,
30448170,
95289835,
71685386,
75747239,
4750716,
72994583,
85370353,
97404669,
97491766,
60940675,
7215038,
61091967,
13817183,
43817637,
52452840,
62166838,
41452189,
87512470,
41487360,
41723252,
441134,
29797843,
96448477,
17435843,
23899186,
24432913,
64264528,
82144836,
76740244,
47925465,
63054098,
80288750,
44224777,
75386633,
45103572,
79139493,
99185950,
4674853,
77407160,
46556350,
3247889,
10952658,
71955005,
71308361,
59519020,
38591485,
63459299,
75434917,
38289442,
55034411,
60999816,
14951981,
84301987,
7422630,
68251711,
98899789,
17821122,
43105998,
73623555,
17981900,
53828573,
32124471,
5087032,
70059480,
2771370,
14433076,
56603388,
9260587,
81781659,
90160238,
21962358,
3540882,
31746488,
14710222,
34482556,
1357448,
72684418,
36725409,
30059493,
13930841,
52065417,
296239,
99448913,
23447522,
44691149,
12209081,
22047715,
27533558,
69132872,
46871303,
22137337,
67106712,
81687589,
85193244,
62619438,
65547870,
78901585,
28848903,
55807172,
69720406,
47660467,
26978510,
54477736,
68865613,
83076890,
1493595,
64585800,
204746,
62698921,
61769902,
16726232,
16410131,
69583543,
55203176,
94308291,
88870877,
44132906,
18764677,
73746037,
64309107,
20149510,
51802858,
24430942,
3590365,
8239963,
20427730,
13611781,
45698851,
76076334,
43858657,
35914330,
46561032,
58288079,
66742332,
2993439,
13349238,
99842678,
33327967,
79303628,
4939175,
62220756,
44280575,
29706987,
48982994,
65087144,
96961464,
48250018,
66711447,
17439746,
97113661,
64937962,
94716969,
86940599,
70314886,
26745971,
99673099,
55310978,
24364914,
3352655,
12207622,
26156539,
67125040,
29816948,
72388224,
4269204,
55674758,
18439992,
11296457,
81955598,
77759823,
29990722,
23436365,
67890104,
354951,
28815877,
64963324,
80539722,
44881031,
33766559,
42539735,
74737494,
75908798,
47696882,
99474617,
87397320,
7262513,
83062978,
7370587,
72213703,
86153885,
33788812,
70162251,
6232461,
21847,
39210266,
38109349,
35049061,
99082625,
56558168,
81191310,
97882804,
52057786,
96107108,
129897,
98903322,
14811223,
88678933,
65229485,
69743386,
5838048,
53403102,
58387348,
35091074,
63074026,
11550049,
72597023,
97341693,
12524356,
55428425,
12838819,
85347130,
93685681,
54241949,
57379677,
41917975,
84455621,
51170504,
47935058,
79321863,
9463218,
34567429,
63701013,
32360076,
22781906,
89630544,
23694080,
91573988,
61844671,
89344336,
36559757,
97895735,
32625057,
3994438,
75930035,
34548096,
4168444,
42470267,
95109958,
85779913,
51296420,
24571172,
90499667,
65051043,
91141702,
90125467,
90037988,
53647032,
11690872,
87356066,
3030413,
81002767,
31850106,
6114143,
25546365,
47176387,
10959031,
29554117,
11693869,
42880411,
26057397,
38497947,
52582769,
46359891,
54347865,
7718944,
53444099,
79771980,
57088615,
7559832,
21694602,
43380677,
10031713,
53416727,
40488803,
7145020,
11520282,
26850703,
24629287,
82437356,
28036566,
44181012,
74419504,
64974518,
46720179,
17851086,
7831127,
18840173,
85044238,
70900119,
8705111,
87010532,
41241486,
72780775,
34205477,
62408029,
50507226,
15910860,
91013327,
24422210,
83932489,
43421573,
88877765,
86992399,
89398525,
72672042,
31294436,
95364497,
58898711,
31504239,
12221683,
40556876,
35325204,
22606948,
2590833,
50114110,
33489848,
48808487,
62771171,
35951885,
46587917,
38836415,
76036481,
37816071,
60927066,
80938330,
99961201,
27175508,
40243153,
96935167,
73377938,
79777372,
60990602,
88056863,
5317815,
75327030,
33232729,
5099086,
95848521,
53676898,
17039770,
19541163,
50358492,
86291592,
86486560,
1701330,
82550517,
91994695,
71937938,
56205508,
87968684,
1961657,
67473321,
15852326,
74458983,
8518558,
8849719,
23940106,
63088518,
50878621,
20876880,
87799602,
11602265,
74239665,
15358942,
61627825,
81503116,
14379071,
5443254,
89724564,
34664076,
72372361,
31299794,
88499970,
16018598,
81623714,
86789168,
14354883,
62146125,
75121351,
48251880,
32598822,
35876661,
86711560,
47766113,
76792548,
96408001,
4412518,
46088732,
30277112,
98779271,
33659808,
55405237,
43322130,
77088047,
77864343,
436639,
97950854,
92623401,
13882290,
25745519,
77417449,
49347907,
18095021,
24793653,
13049387,
91932952,
68112110,
42359252,
33247465,
23918028,
1088647,
92733909,
80936872,
9379807,
11519807,
16199146,
18753300,
56643072,
52071973,
30041859,
77708554,
41900611,
5025671,
79712902,
96121959,
9631647,
7162868,
77103153,
94503882,
49915572,
44844437,
28706868,
89429819,
16819610,
67533928,
35960922,
96087374,
26086421,
39359747,
89400557,
96995360,
6673479,
31787380,
1447090,
4976756,
7387901,
93825497,
20390960,
86217636,
51411463,
83984158,
53779022,
97962636,
42148029,
16982188,
48432418,
12481489,
29937435,
59849256,
70951704,
38488272,
95013013,
24463040,
87259609,
77746008,
37878990,
32341355,
70821818,
74365453,
29695072,
82567289,
31465539,
52128231,
57685489,
80741694,
75580555,
78332134,
94923912,
82985785,
99274016,
63074738,
52629304,
21733317,
23441688,
24686089,
50663989,
57084508,
43254975,
57967521,
40412738,
33621078,
57607911,
5034307,
66298627,
61101698,
29333661,
53206466,
18252610,
18458691,
84306175,
65223789,
47258941,
84670686,
495286,
79566697,
70690166,
1707432,
48122497,
31243469,
40920825,
33984407,
29368905,
54637924,
1612415,
52518093,
71469379,
5595461,
51483585,
39409101,
18805496,
32427996,
5607687,
86818434,
52279749,
83090481,
75840442,
40164691,
92631300,
87909416,
43331247,
18134860,
53204430,
31665372,
25210529,
25441642,
32569607,
96217684,
24805287,
93566368,
76705122,
14965708,
13383921,
48501962,
20973528,
70032679,
43051563,
18604700,
31774920,
59258836,
38132758,
59583631,
85922369,
9261033,
86471946,
56546258,
20139759,
29952249,
51016265,
46343204,
31871113,
65539641,
88138597,
76813549,
7321730,
97654255,
96434413,
1474820,
825619,
54714638,
45669125,
33078949,
67078158,
57385089,
83785212,
34137911,
38647685,
57881832,
23898755,
12349707,
94744530,
78697680,
34172862,
1076422,
242801,
63507585,
92351273,
31863854,
2735641,
46098610,
85063439,
63286068,
85598933,
93744644,
74117739,
46805880,
94329127,
85051818,
59765193,
6915068,
84826849,
12511150,
62513672,
77473219,
70506184,
15858235,
37688670,
30183707,
4111305,
58150864,
58828306,
80673393,
51398021,
68379604,
35824417,
89767876,
77803638,
98587070,
8191908,
25291855,
81138280,
61043498,
85239922,
99823281,
41412659,
15370109,
30220244,
33837827,
35277179,
40296356,
80209818,
17721673,
17109004,
3237785,
89544892,
3006256,
3483641,
78363516,
6386593,
4004493,
58193687,
22084284,
89646329,
75151254,
26762833,
42218162,
82723208,
42809069,
11933952,
57419566,
47383560,
8069155,
1497000,
29131953,
23897087,
67202600,
46711754,
11917368,
5089111,
46840781,
59149180,
64378720,
65973527,
21050717,
66290179,
3237889,
34292852,
63599925,
18492938,
92738075,
67575573,
56258554,
45447600,
23718460,
55544683,
69654913,
67452854,
28585831,
76516310,
79549779,
18087838,
57427427,
53634788,
4863918,
8319241,
72103562,
19897773,
42963849,
23627066,
76523948,
23921046,
32624204,
46887819,
26021313,
39689176,
71583681,
30253826,
18486360,
18296864,
505292,
14503951,
95974061,
68416215,
73952354,
33893939,
85203501,
85449055,
403690,
49757528,
12603057,
7992953,
85303025,
27812725,
79478754,
65705166,
99130876,
71646042,
35204498,
54582141,
28575300,
54450412,
50213070,
34928782,
53153439,
40622399,
87483990,
84756402,
57235612,
79875996,
40537461,
46754537,
40825299,
93022978,
1501244,
31411668,
46078684,
31389637,
12675353,
60201465,
1138862,
48961163,
1826649,
47953474,
99602204,
50161612,
11081771,
6436247,
86426668,
67675100,
78073393,
62009757,
71463213,
85901758,
8020222,
18154001,
78139524,
51977671,
86676655,
55579936,
16564493,
18594373,
58427805,
25431036,
87795284,
2994267,
90534976,
70239630,
48285826,
76369941,
65729410,
31266100,
75199450,
22477143,
21090769,
96866440,
86150632,
59020789,
24409383,
39746829,
67976242,
78196924,
34154930,
63393510,
96667960,
7053854,
95213876,
37536019,
66826036,
2529075,
98888389,
57540314,
93476681,
36288475,
36682987,
65634254,
51044874,
48178009,
91203283,
36702916,
48120534,
90554287,
13312956,
42673096,
93312303,
18639018,
68224840,
6283704,
67498227,
12289208,
82740290,
45177094,
39394411,
1722120,
84352717,
37744549,
22040981,
7654372,
83581614,
61843357,
88917101,
91283953,
81163385,
79236687,
38134891,
88872632,
73517451,
78052761,
4750931,
46597739,
82655687,
27617256,
69820001,
47083068,
99817696,
74331292,
27717381,
85554369,
43891289,
44716169,
4589901,
78123105,
24190860,
98676139,
51618907,
94713993,
44383144,
28735638,
43782861,
28641651,
97110848,
53911272,
32014277,
56174644,
52625438,
7056902,
50448643,
79129071,
52317246,
92946675,
93030754,
64809992,
17228144,
72567131,
5463832,
21775724,
45458606,
2983859,
98798305,
74598005,
18262059,
3989707,
38917630,
37786825,
75478067,
39769327,
33155474,
18954577,
59376809,
62405840,
16809595,
83359184,
35772713,
89172475,
57428718,
55014561,
82757951,
38265161,
51976124,
88078072,
47897137,
19059711,
51151524,
89412432,
86732045,
73547741,
35190766,
63126290,
72363785,
27294907,
98919050,
76523072,
65901206,
62360963,
74863862,
55254966,
93494929,
57249232,
61961686,
96616781,
89660995,
24557063,
271759,
44634894,
79258427,
13223882,
17807279,
78845040,
44816238,
90078690,
65748264,
60856703,
35685429,
13774638,
82166531,
14630967,
74880721,
1330799,
73313349,
99822691,
75037509,
37053589,
96160333,
51363875,
8396344,
69962511,
59864318,
9524155,
79102422,
76103929,
4194068,
25414836,
5036868,
82461869,
790676,
90336028,
50961119,
54614735,
90044023,
13150272,
82219345,
90314402,
60582441,
52910218,
75375450,
82634590,
2512192,
45136490,
97498684,
42273855,
37137868,
38537222,
33894425,
4775215,
21731120,
68052738,
92276680,
88724490,
82156728,
42537207,
57893586,
76470156,
88548860,
31721369,
55390383,
2578618,
81932504,
48996528,
469657,
22384003,
3669860,
70879815,
67196500,
3001185,
98976080,
81384195,
38276705,
91351043,
35616664,
34690583,
66672787,
32504367,
14705127,
77139342,
52763404,
63031877,
20130826,
50006618,
89903681,
86726659,
95246303,
62122172,
53406737,
15879163,
57634579,
34712793,
79250681,
40070887,
36469731,
26340928,
8934567,
63150156,
58313941,
50042456,
25971778,
51931735,
29506946,
58154461,
82387096,
25315963,
70683934,
4257718,
62574752,
42522053,
84144451,
60281969,
6349811,
8302827,
46749586,
92777676,
7548322,
35407504,
69961886,
19757263,
50744617,
49783144,
74313691,
38514952,
96426235,
79141650,
25417929,
82284237,
25799342,
58993057,
53937186,
52181630,
45522088,
501251,
25572851,
83377604,
86269584,
61504300,
40776772,
80888711,
98043755,
49719234,
82471033,
33287858,
33133552,
48493176,
13294958,
70691466,
69232790,
50069458,
38420110,
46528225,
94601844,
51959144,
74108085,
67357111,
4854304,
41983736,
80108689,
12672540,
93863965,
42387585,
25032869,
53341457,
13686753,
83574411,
67929865,
14993051,
64570180,
17736778,
44030715,
90546445,
70761653,
3372481,
84706336,
46063466,
64114594,
60694426,
72962578,
6892471,
81566950,
96255257,
49670501,
72109458,
64606328,
17687884,
64152373,
10141666,
83053104,
58751735,
50647780,
10545287,
83225724,
53761837,
84069477,
86335340,
86307819,
48929971,
60344875,
28774286,
44398936,
79823727,
6972583,
40792788,
18564356,
56816221,
98900802,
63532803,
35615864,
42978186,
53588919,
58366197,
22508444,
48292304,
17023112,
67136813,
23197327,
31802341,
13442064,
21953155,
18539689,
79403505,
90425971,
43340275,
10716392,
37550587,
94187904,
88534992,
87987839,
24309501,
70212263,
8258364,
8314510,
87457929,
37686075,
37781439,
1648974,
89254304,
16418543,
29251969,
48974849,
16469395,
53858114,
60629190,
17135104,
21283884,
41956602,
92468257,
86486200,
3287960,
44992241,
62572309,
85030434,
65628582,
41706322,
5541665,
42307899,
70187003,
75426036,
20465801,
95115715,
24117928,
57358207,
89300901,
19945560,
88139814,
47806611,
31460240,
40508731,
37973974,
23656749,
22375126,
66057131,
45581555,
92713461,
84005232,
30479745,
75441047,
56650738,
33204881,
61027660,
94940394,
40228313,
86396031,
85072879,
61597396,
79101419,
73230943,
47266011,
94863055,
57600774,
96476002,
18751874,
35397355,
53724633,
30139325,
63093186,
17771635,
47682570,
9777668,
27445809,
30770783,
47266589,
45001969,
30808858,
88833106,
45175366,
42605833,
70971739,
79099530,
19723204,
77573421,
62204479,
72992049,
34926512,
21607513,
99502806,
25061291,
95029900,
12250085,
44005444,
72715693,
25878215,
73428120,
79095675,
36315692,
12075095,
58299117,
55901792,
98187076,
90952712,
50797900,
25597434,
35865638,
82534638,
21846488,
57877460,
12315837,
52468407,
96455398,
84887832,
61782821,
25714677,
16900819,
13602200,
22465053,
742328,
88608823,
89087534,
27264532,
16017148,
5399044,
77745904,
97027602,
13466001,
40292718,
43091114,
30600149,
15974430,
49002187,
19727720,
59062813,
66005823,
62413602,
53128045,
52562801,
69277899,
2789197,
64281638,
49350152,
68699480,
26420006,
1010492,
44719938,
1249224,
12277787,
1441345,
42180936,
43119441,
27721192,
70172543,
78632725,
80734606,
37964181,
13288553,
91175759,
71612784,
38521939,
16786557,
57257781,
32513594,
83638794,
89224795,
36557082,
79611651,
24846545,
2272855,
6421264,
75213786,
12994165,
91788675,
60597625,
67432713,
75903626,
85267278,
22057105,
73324919,
66592298,
41281027,
49954125,
29325792,
67104633,
90616519,
75649649,
82259178,
44003127,
79195328,
94578619,
59768433,
61206769,
29030646,
46625829,
25160240,
11400594,
89402744,
63836540,
25481575,
47417272,
89522676,
60988817,
94946411,
13669279,
63692159,
49747765,
74804366,
5471099,
70445266,
56941639,
45294381,
82039212,
77544365,
18128017,
59916625,
45782256,
67092681,
2674383,
73617176,
31030659,
47149300,
24443649,
82200919,
21500941,
7172863,
2025362,
24042292,
93881378,
75950528,
55340334,
38628033,
64103152,
45233727,
12654415,
95684745,
26794189,
42109219,
47259471,
11193025,
39001122,
57823732,
80392688,
61898948,
71482362,
38559516,
50165863,
76728395,
95385811,
55701203,
10721010,
69870273,
92777797,
77581007,
57563647,
66168106,
58039587,
29882578,
4424718,
48438438,
69528147,
10259209,
81458948,
57757209,
1053580,
27105798,
59661783,
50398989,
46271365,
99251104,
59405266,
2670294,
87627530,
23932008,
23608230,
85840795,
72590614,
52871944,
12573465,
28639025,
31029264,
69118642,
97311170,
44196258,
23136797,
19312601,
44217257,
99006560,
27692237,
20054610,
1020749,
89213001,
2110232,
87856093,
83919844,
10973451,
69519527,
55757759,
20135829,
98610715,
33578103,
89485125,
4844635,
95050791,
88158142,
12661833,
53574231,
62739917,
79564321,
64571611,
83367633,
54624263,
60087488,
91521535,
27595329,
58766797,
1069298,
6019492,
89961819,
10393183,
14634073,
89694793,
50905981,
27095524,
29965156,
34031323,
66894037,
79106371,
86179372,
98968010,
66067224,
72914964,
93763835,
48804697,
44782005,
65092315,
28873665,
68818626,
30519556,
52477994,
27953911,
1965919,
72806608,
48373957,
81568752,
21071989,
56382604,
98607651,
40170013,
58286200,
60809403,
66176519,
54652863,
72701763,
27962921,
72614505,
28569186,
79303499,
56382555,
67236196,
79799314,
94756791,
18858144,
70398812,
67167570,
955996,
78065579,
26763004,
68505934,
49611449,
85629927,
34346532,
1715940,
72094870,
57951532,
46219748,
92482602,
31047509,
52642811,
13371281,
54361868,
33190858,
22721337,
37058109,
22906615,
54182582,
41578829,
35574824,
6721807,
62259010,
38702791,
83691897,
5950338,
37093092,
18523870,
19662219,
72486678,
30813273,
31582805,
23415568,
8891062,
29786337,
22342348,
42747610,
50852952,
97610928,
69669541,
28432885,
63530659,
21585432,
66358090,
83856021,
11757228,
36715246,
94997642,
32115582,
63509735,
82106870,
6222082,
14091266,
65796774,
57508384,
7149849,
99225445,
72948745,
57833157,
56843906,
59966055,
19996285,
69030856,
94592673,
37795139,
11254603,
77735233,
58388419,
16011232,
1547900,
65243509,
60548056,
81835876,
66677444,
84749603,
39496197,
54600512,
24605130,
2006723,
54856613,
23365239,
97232428,
55858,
57740729,
64169547,
87918891,
61035899,
52945333,
51454873,
73582330,
46800497,
8740208,
32858269,
7566485,
74493527,
75651084,
46345782,
62460335,
326829,
18475846,
42004022,
65611962,
40744425,
42309232,
52037531,
49338359,
34785254,
62128588,
24851227,
99667169,
31220357,
75987739,
4392261,
50687119,
98061591,
86235805,
87574983,
84740506,
54912629,
34891803,
9917012,
35363550,
87831939,
60306592,
9858398,
10611875,
60754855,
96830935,
56062374,
41588256,
65231049,
15868042,
96393042,
65129960,
14200621,
1699775,
17265579,
79541978,
25388633,
21088740,
7110487,
39693493,
49910322,
93222393,
35875596,
78320877,
26488740,
36091048,
86947068,
67540861,
4872104,
31930817,
18965224,
37988215,
53591697,
6731869,
17904012,
89386157,
89464797,
10205365,
83425457,
16906397,
69793174,
35523874,
48839543,
50408192,
2397656,
62411759,
48711441,
48281590,
21335503,
55766231,
72801439,
41229227,
60260473,
18103170,
5779332,
7206662,
22369177,
82259019,
3183930,
5074320,
58852846,
48070263,
63085404,
15372824,
54888558,
10955300,
43193589,
20874239,
82723442,
61298322,
36653145,
44704321,
11176538,
38238576,
63864867,
49462541,
35826593,
19592069,
16573926,
46438711,
71106498,
32300035,
68810308,
36457049,
31569214,
315270,
55157973,
79420515,
62769918,
21091364,
28445794,
55229915,
32905625,
61304701,
43145801,
30652576,
2388860,
26435202,
41042665,
51907737,
90548536,
26921547,
17501129,
25797202,
96955548,
93627272,
35131843,
31687246,
89510011,
14339498,
2794695,
19453481,
59268276,
33486210,
11205749,
3927812,
92848718,
9247096,
77700204,
19737213,
61190428,
72054282,
50758316,
20446689,
59713600,
43598342,
68459466,
62796513,
21770289,
96797557,
49794545,
77626690,
3866657,
10902157,
10406113,
31040344,
42728023,
55826293,
10150862,
51663325,
94303434,
84578436,
19401547,
6670996,
27196794,
32030977,
17544116,
77347099,
46418924,
41040413,
10365511,
87445481,
48635441,
69369613,
52421871,
7951161,
927203,
64300946,
81018481,
76937526,
42390984,
27523608,
83163953,
48416556,
65715217,
78938513,
63155466,
15422278,
16011921,
71873564,
17747946,
87090329,
8274344,
60508185,
84816222,
69384581,
18434150,
83747454,
55350284,
40073635,
68804524,
79781192,
48450063,
64619064,
3091238,
32128610,
85334582,
66493360,
14842799,
84935691,
57465173,
90013682,
5550321,
31148624,
40792148,
54599379,
20295084,
37223926,
80505330,
53622377,
94601878,
92492884,
24562189,
39748334,
40992763,
81366144,
34920870,
16494770,
51833500,
52020487,
6796812,
42942346,
9930863,
15770441,
92653156,
98186561,
76616075,
80488300,
33645848,
77047231,
88596213,
97374259,
79754404,
11627302,
45284441,
8670774,
62173295,
10348900,
34297220,
33534994,
36379890,
32093354,
23021930,
91964805,
86731291,
4280363,
48631877,
80646367,
45178331,
39612939,
97401940,
42315743,
90092151,
96655470,
38556773,
88507848,
34566546,
72441749,
76199418,
92114619,
58274631,
4137103,
34805504,
65039091,
9847884,
15921684,
59938031,
60160230,
88993002,
22789154,
34463620,
10646951,
78340243,
44006336,
46125843,
33048423,
35242980,
19393299,
49742890,
20209158,
60987611,
41654037,
67578016,
7303766,
63647243,
95403758,
67868634,
2624086,
4900935,
77257785,
92157264,
63055891,
69167792,
77840854,
24664578,
23025247,
9387486,
12827364,
13602806,
60745854,
35212491,
8066729,
1402356,
83092142,
44026623,
20201903,
30993105,
58459715,
87209255,
91172577,
43773035,
3670806,
74546729,
72509813,
81077868,
37570634,
86629622,
68004826,
37856490,
93362983,
90387729,
28068157,
4090105,
51053252,
95703977,
34701539,
23435919,
64516415,
22625050,
21408955,
93616735,
91924252,
81444904,
24936212,
28910692,
85669944,
98659116,
84039393,
35038655,
1135724,
22806685,
70549803,
28031912,
80447445,
99222673,
25232136,
93998710,
15800615,
65002042,
6314488,
30639330,
46814121,
69297293,
70222132,
71539529,
68864055,
69113858,
23977044,
39599527,
97358016,
97572846,
17291138,
64544026,
46867716,
18100746,
76193932,
31998303,
17968846,
70173571,
65373877,
51148080,
20554002,
87889718,
34383628,
28036343,
30621091,
29077783,
41883938,
12603747,
36091051,
94397298,
21998683,
90221284,
79072168,
57769200,
87863612,
46987987,
5278831,
84432670,
87280606,
31691869,
73062558,
34121085,
22289939,
63264080,
44232093,
96387484,
37708463,
2660281,
81803378,
69092331,
67207844,
16329553,
17005916,
49416715,
91797511,
45889319,
8002168,
20954718,
54662447,
18074379,
84715703,
26639099,
87530832,
31932738,
13107206,
25692898,
47380073,
34975324,
94710495,
74471413,
48140404,
67595053,
31830148,
3606138,
3069373,
86988438,
28735826,
97940395,
75023471,
41475276,
2279500,
76156161,
85563602,
16623894,
17182524,
15844605,
9079058,
90936064,
30070828,
11696812,
12292643,
5117821,
8891794,
25643434,
30074672,
34691925,
46472964,
33649572,
87056469,
74367395,
46329574,
84224449,
45358850,
37903205,
4308368,
42903354,
66219500,
85378344,
75881462,
37495333,
61781239,
45007574,
71798525,
7876429,
11079207,
11745762,
85704366,
35220236,
57636379,
94823983,
71795486,
53456112,
2344425,
54610632,
82801147,
16657851,
7725509,
59203717,
85766534,
79461054,
91185461,
94594869,
23155953,
17286066,
44846779,
53426930,
10400271,
25570605,
68126868,
96496755,
27020646,
46630791,
69680422,
2486189,
46245680,
16639968,
43547486,
43130728,
94551490,
54114128,
590224,
76765223,
51036033,
75661969,
38068525,
67943480,
17674161,
60522048,
31435190,
65178620,
10986962,
33675889,
69261652,
60850873,
568534,
78232927,
34753379,
33024647,
57553424,
64571732,
23365609,
21943770,
23673155,
25975695,
53330236,
52102597,
52584009,
89801348,
47226964,
37365088,
58512253,
21121120,
97910072,
44059949,
77192822,
99238315,
13080049,
19651719,
63250477,
44289076,
25469201,
60622390,
36688041,
26876908,
73883374,
35824807,
67547380,
71599732,
37153301,
28150756,
62920495,
57029018,
75768388,
3668661,
76338881,
49759301,
47306803,
25309893,
4268589,
85124529,
11854356,
82821162,
9884003,
47796263,
30346037,
58881148,
65449614,
47591726,
74532809,
11453576,
82561200,
81827808,
10840250,
62273739,
28146281,
7038462,
84861454,
68732057,
42369467,
23746114,
50781926,
77684920,
53017285,
196489,
82457275,
63942093,
7456883,
21316769,
72736171,
13463465,
2001192,
96513115,
37439592,
76283769,
84450191,
75946112,
55352471,
47370304,
78960014,
35882080,
97623689,
61847818,
19857495,
47486506,
63631336,
78035469,
30177970,
74674269,
44418227,
40871568,
67054862,
7541658,
72786719,
58934862,
19612185,
69515643,
869815,
15905047,
38657727,
65709117,
5293329,
54894600,
36909200,
75386051,
60964040,
10483250,
77359177,
74856737,
73500189,
49676770,
80693685,
61191857,
30469518,
40683730,
79503866,
86319820,
24791932,
85202092,
36212131,
21340378,
43286495,
47447022,
57536820,
66009051,
92301774,
38953934,
42146443,
73817970,
75329262,
76777526,
91164107,
88436683,
16965345,
17837138,
8415171,
40810745,
62832921,
63960216,
65210551,
20970163,
97186042,
92707522,
20760378,
2337667,
44344095,
90134054,
5855931,
56355397,
92700200,
21860613,
39027290,
80485089,
33390381,
41630198,
42138073,
78076412,
5238566,
49339686,
75254724,
57378866,
46964778,
90202867,
24248615,
92116438,
98668038,
17833162,
24678023,
85003253,
23125135,
1685548,
88131641,
11284419,
57011203,
59705318,
77907940,
44941403,
13226907,
23937671,
85266396,
49889246,
74870179,
5476357,
89605850,
52792135,
82420275,
14017483,
61934828,
23820343,
75109361,
36920161,
76865686,
93862431,
1874366,
78653517,
42888948,
66538643,
37293230,
20736438,
30879240,
3395446,
78664196,
41058944,
89227577,
72553166,
33262449,
77085616,
90526957,
60784322,
76789809,
7152952,
25784122,
7971461,
78473340,
6169796,
89219525,
3259825,
17920576,
42833068,
87380470,
29145323,
14351668,
42320368,
98727074,
14892082,
75013591,
54374898,
70326625,
23299425,
63480524,
88385194,
14603696,
45409894,
74915192,
95968840,
84911640,
11454039,
85302371,
92332374,
44463,
31119010,
17516927,
74572230,
42839409,
74500335,
18670882,
97402447,
20999877,
83498177,
49443380,
63947212,
73526967,
95575089,
61492271,
78232295,
26110814,
38666565,
20546638,
94248749,
91582371,
64788122,
55149438,
6774590,
33787608,
83400803,
73194745,
32009716,
40660290,
59664207,
14809835,
36224859,
30638719,
76995714,
42330313,
3543217,
4036956,
26071396,
27325813,
92059433,
13837259,
74037534,
14246325,
95520486,
12450049,
43475881,
61096362,
45425584,
58549860,
17560669,
11643500,
744714,
8741316,
47862069,
10985413,
33915040,
1762620,
23844187,
32883256,
25260233,
23143371,
50034862,
2171233,
25057330,
13964910,
63323679,
58622028,
81008057,
40801406,
45873902,
26546384,
74747867,
11442391,
82005364,
4394702,
69357364,
96151829,
79581538,
90398503,
17581603,
56703079,
71668556,
53108312,
69335390,
37343009,
41581210,
77180793,
28781496,
80625358,
83518270,
67984571,
63512338,
68471416,
15337763,
8877123,
23766810,
3254588,
43285764,
46910140,
14909909,
24036300,
32858899,
76340802,
99277543,
44597099,
87328919,
67724600,
46825570,
83328962,
55123960,
20061561,
65108203,
13499719,
87986682,
69780684,
51310306,
98660120,
71304175,
92161379,
93334326,
99759602,
43136675,
8566823,
61850312,
35139255,
51900467,
87094738,
28049687,
21333297,
99519724,
11020298,
40661718,
1030662,
2286382,
56886333,
20449226,
81932421,
96777144,
96258453,
68920006,
977709,
93872515,
81955684,
86133551,
10400518,
53249362,
3018026,
79924401,
48292966,
24201267,
18562383,
66376583,
29451154,
70536672,
76762346,
52284307,
24384790,
27343791,
12664125,
74343059,
8274655,
98023291,
46325164,
33220530,
6653453,
4617709,
6658230,
69604451,
74938718,
44246883,
30237144,
67841338,
21368845,
91389132,
97489252,
73934999,
46253434,
65542613,
53855990,
38942748,
54837241,
72359915,
37948993,
98820737,
75054524,
47515640,
300942,
14242916,
4665527,
79055083,
14575542,
77987329,
7020843,
86894956,
8650485,
79831797,
77243494,
71848068,
79115043,
98035598,
79509918,
64399603,
95595754,
48489852,
82939895,
94615917,
98056147,
94032226,
19536235,
34365535,
27343939,
50140243,
19838834,
79346835,
16524463,
64865050,
4002793,
98560911,
35255081,
11155590,
80817640,
36442665,
66308390,
1240649,
84608477,
40130060,
77139624,
64305737,
75245283,
21806620,
13433819,
25554424,
18007134,
68196555,
59477141,
34341507,
32398296,
34964410,
57326460,
8791052,
12852176,
82151794,
48781839,
85963223,
66859513,
47658770,
55375972,
68936746,
35018483,
14831036,
44764861,
55018052,
60703617,
64575595,
53425102,
99767313,
94685405,
98995615,
89735951,
67929330,
90972365,
93593218,
68583444,
6235105,
87077361,
40214588,
39635990,
2737510,
71585821,
1381806,
48601255,
59604321,
36032834,
94519624,
59247934,
77953120,
23025762,
52235888,
79913002,
74540609,
70147594,
69107756,
14825406,
65194131,
84123853,
40632804,
75601135,
35048472,
56482648,
56746527,
34977767,
52558204,
81252138,
26856529,
2937979,
70942567,
19501332,
91628700,
81457839,
92208994,
88343969,
32425396,
87195008,
52702776,
18274467,
47636876,
55817661,
78925499,
98650637,
81272427,
59163488,
70862314,
79818925,
43680806,
56606418,
33607494,
16675429,
18937076,
93943452,
93395742,
25931605,
86542844,
89412414,
52475589,
94877592,
33027767,
74305234,
92869287,
30856181,
75401188,
41198826,
39276030,
12448535,
94705459,
14688270,
30891848,
87624475,
73109377,
86868643,
23732389,
98349539,
48686650,
65314053,
91634,
36037182,
34029197,
12009515,
74290752,
42119022,
63324320,
19279944,
12009482,
87796450,
72643340,
67540212,
12758885,
35808802,
89422653,
34848646,
76526486,
87430054,
69359119,
68215462,
6485783,
20159184,
96254583,
78872548,
73597013,
4569267,
42665491,
19194719,
13648616,
86463216,
71882343,
13925531,
34422085,
96394607,
15923434,
53780022,
64007749,
9746098,
15658364,
37291208,
75758668,
2481906,
48587296,
49447167,
1149320,
63420437,
26493747,
42836084,
23115361,
1737848,
5653593,
20379053,
15769052,
90338128,
99013677,
70699719,
37628274,
63224947,
77888637,
97225983,
45987877,
54444574,
21128617,
5079011,
11177394,
4575717,
32110043,
35285679,
80772772,
73477457,
33653683,
11574822,
80502938,
18611198,
26525495,
48983079,
12856842,
32126317,
48604986,
47164996,
33445269,
10970982,
26907437,
47082152,
71524698,
74309271,
71262780,
97526681,
12062943,
76547951,
99019177,
77554505,
70800872,
24265024,
72924783,
11727364,
41426980,
6740596,
14780467,
5023415,
23538252,
44494685,
28275526,
87748050,
29644221,
44595407,
19136428,
88038577,
99000981,
49564023,
237900,
14892069,
27137424,
53497155,
47032843,
40904244,
85917972,
11887880,
12164529,
52985936,
38996207,
23747567,
19191123,
41515173,
93913313,
34675858,
61843980,
14631752,
67567059,
6683843,
81626456,
52994070,
92417635,
863472,
18398450,
35188201,
91752591,
21549,
61070280,
29464743,
45944013,
70204666,
2635249,
7199326,
23586805,
9242994,
38411361,
39062930,
96813785,
57139957,
71014787,
64021009,
83940302,
24560187,
27078898,
15654136,
86253822,
44137457,
95268587,
70036741,
7852998,
96213656,
71519765,
48606802,
67748280,
71510881,
95460426,
15939581,
18728136,
83115512,
59077703,
79140425,
92665788,
90912559,
62405635,
99526752,
58903739,
29076614,
88446519,
35846707,
78664224,
42119252,
34417965,
46372802,
14319729,
324838,
52097002,
93043451,
64081868,
62134338,
82623939,
4262373,
96275642,
70654371,
94001879,
72998827,
61868509,
44616930,
10111180,
43904974,
4685394,
80432363,
35910711,
79215789,
7479963,
37380394,
8092620,
11472098,
97655833,
24864156,
26140010,
3533839,
47368802,
80562586,
17220767,
80388575,
78179394,
53905648,
38755933,
63207032,
75763195,
85874888,
93161817,
42484240,
32452272,
65020999,
6932529,
90556207,
72268398,
31521254,
58138728,
76648360,
45692744,
15324598,
21050053,
34032954,
6280422,
3705701,
49777250,
52642821,
90298818,
82323198,
28860531,
11096331,
46224750,
28974891,
56655034,
31124271,
84324728,
29970595,
50981057,
40851805,
19816278,
56175,
95442770,
11986084,
65750795,
95917042,
24682832,
73810297,
75093522,
40724624,
83541096,
89447098,
43113754,
87184677,
48695328,
12768656,
99781744,
49920754,
27510872,
88091074,
84036554,
67307063,
11927654,
43898007,
8796956,
5755135,
92639353,
63496032,
55252407,
76601122,
64480155,
44816289,
48500589,
45110816,
93765592,
30671823,
92216820,
26161758,
20426960,
52424852,
16401205,
63553893,
82251696,
1754406,
12553799,
68423010,
76188074,
41607584,
49757359,
83502927,
92584558,
81889668,
6189336,
21596132,
52489055,
3687635,
74248047,
89596161,
95486589,
9514868,
64736205,
41878209,
27910357,
90313888,
47079564,
21873751,
66479075,
19611570,
7984659,
83335542,
52595857,
68353033,
90694120,
79594034,
1264010,
52343162,
10293559,
23619158,
22341572,
43696683,
56195846,
68151896,
56589143,
42044502,
97773966,
4088622,
56730395,
91981692,
59568163,
5671231,
75738911,
30188154,
53387939,
21050536,
11865169,
96958231,
94226737,
64643981,
6828634,
64658734,
88735779,
47536552,
61351287,
51620385,
68852808,
58643128,
5933149,
85095031,
85097468,
67978047,
88812399,
41942402,
4584092,
56160285,
44510223,
32929593,
68227652,
15758381,
12635258,
38801513,
17264006,
48606578,
17531876,
76414360,
62459516,
77627704,
44529916,
26321596,
30260234,
10697100,
71793828,
39701996,
97792612,
15082567,
92964312,
65827919,
36786807,
80509458,
71501282,
63218401,
32282964,
91679897,
94440570,
7651115,
22948693,
94803974,
6638844,
24965216,
39472929,
88467010,
16916496,
34650970,
80732627,
83504573,
20684959,
27488822,
642884,
52403738,
524574,
83827860,
35676560,
22243172,
99309711,
24011463,
6080528,
68303205,
56309878,
24788210,
36781843,
75906939,
88785642,
97164707,
67007272,
77927950,
36469170,
62117144,
31953992,
43525913,
1236700,
59115886,
53751194,
55883090,
49512213,
44170731,
56625132,
37664339,
24099416,
91917704,
69029760,
66020929,
17228439,
8110783,
85581063,
34429707,
56512650,
81279023,
97184375,
45985325,
77104123,
87057740,
4031503,
81653252,
22436743,
24686571,
51233249,
39540992,
74082367,
16513534,
75840798,
70201168,
41206326,
98201039,
30051359,
29206069,
52029174,
56757099,
34332457,
72449029,
81517285,
59313398,
70569811,
85451397,
81929417,
37404864,
61833428,
81166380,
9071361,
79310817,
20553940,
34090196,
62830811,
88607416,
21274592,
72421926,
29223592,
63667247,
53593391,
4922172,
52318238,
29025570,
58643514,
98148096,
57639024,
86124974,
90475066,
33737621,
88436072,
26645508,
77398772,
74376418,
29204048,
59421347,
32979524,
65539350,
99384267,
80968195,
67941166,
18644277,
52279925,
15884329,
73814762,
61643707,
22465400,
27318172,
90897090,
74123717,
53638682,
16472463,
3862898,
95469255,
21313722,
43548931,
14392829,
10023157,
33609350,
32458699,
675261,
9349782,
43803587,
29941903,
68502641,
97250396,
21921969,
4361059,
50975390,
31631315,
18895454,
97969318,
92659721,
75847343,
77263129,
4483496,
13422824,
25896353,
69112997,
46187820,
44114698,
84379647,
52162565,
18539029,
57132386,
56406643,
47090916,
98219762,
68467436,
63228189,
64166471,
56430119,
51021244,
11403153,
3553478,
74395527,
95856043,
6813154,
85664394,
4760190,
66856782,
74253155,
40486637,
92497894,
93298001,
40786881,
41653311,
44636232,
35271320,
30873041,
52861348,
84652106,
42439331,
98547859,
39047183,
32861352,
86094140,
77308645,
12021079,
55615106,
32859383,
47256280,
15387713,
72796142,
37212983,
95865001,
44824410,
30783571,
27400618,
58414713,
41353056,
44484300,
85007504,
80021880,
10048988,
72283235,
992501,
15469206,
86160279,
92411389,
36386368,
55194045,
80586736,
92390491,
76738460,
34666460,
64982786,
39335624,
72245263,
86857634,
7190609,
7363633,
69221939,
76154623,
37919547,
93578880,
37763170,
88098592,
23160508,
21307446,
31567260,
35787448,
40359322,
81601193,
13927074,
75152639,
5218888,
83429651,
43183575,
1496743,
27143400,
68713518,
19375048,
29355249,
21064130,
72748657,
74928918,
73993417,
25335696,
7412099,
37668115,
48808691,
32477746,
99827363,
40991547,
27383677,
11530259,
73466216,
68104133,
52588168,
11095318,
68369854,
20354492,
479429,
24051065,
68849302,
57405503,
11190554,
30401095,
83146858,
18843628,
37033152,
4338310,
44972313,
96110468,
51498031,
14898674,
11058996,
41652836,
343050,
22218743,
32415930,
11340046,
63666139,
21667323,
35834202,
36818554,
94050143,
86671366,
95650160,
58235406,
51457692,
46114676,
71166863,
35824052,
22491616,
38558298,
37411273,
18004550,
87619113,
1455959,
14788818,
44716964,
86467618,
75503076,
69492706,
96104407,
47886750,
16431252,
35860367,
17816197,
39607233,
17568911,
34630914,
96069905,
90909776,
41345651,
54202819,
78825013,
85955488,
95152585,
96777416,
73758165,
37481348,
51083301,
25767849,
54839453,
80072373,
32636643,
20375358,
67134271,
32267664,
92824474,
71865178,
56218716,
66271171,
65848538,
9204522,
57004586,
19375762,
93335666,
37759084,
87882321,
44447741,
51974379,
88726570,
48945607,
99808449,
39440203,
57179687,
18562030,
30914600,
99750195,
96857889,
38696390,
8174948,
8477050,
44731039,
50800740,
74396661,
33736716,
85230592,
66387786,
61045830,
84896783,
89060433,
15814603,
74322956,
78868416,
355308,
89397148,
82474804,
36043780,
74711731,
70832636,
36047412,
44627117,
35183760,
60822847,
38507045,
11926003,
48748591,
65290847,
44726428,
28527960,
57839259,
12762296,
16206329,
64860220,
62381769,
20552492,
19893677,
49864679,
1533249,
26163283,
53239873,
43453703,
4107285,
45703521,
72960285,
79743451,
59799546,
7017413,
93796568,
95822558,
79238526,
57493442,
50555136,
61636062,
2710617,
46658300,
1756233,
52672004,
18995884,
42748245,
30855081,
76042091,
9498496,
81506389,
88347663,
10280906,
86673314,
84277470,
25912854,
77670307,
87723631,
97148828,
99402500,
83995618,
20371450,
81341975,
39499827,
8587092,
82528866,
10926894,
64246195,
43699754,
22577365,
98254648,
58853389,
10842961,
81516634,
32505531,
87821583,
52874601,
51125218,
4904330,
10799090,
17599798,
75138162,
77225211,
63452093,
24958400,
88947894,
68611144,
27897672,
90298642,
90767327,
15738775,
86465187,
22683733,
79000199,
84668040,
10648487,
8431818,
78599274,
15868878,
9922374,
6859634,
36008802,
79323017,
37708102,
68702031,
20723,
28459143,
64872260,
26734398,
52009751,
38698540,
97293640,
19640139,
58115501,
92639356,
71513502,
94967486,
17588364,
54860250,
62148305,
77870131,
811452,
69994181,
48636814,
69193981,
93608184,
13699806,
27336414,
36292544,
51976691,
26640402,
38352500,
20612620,
13066641,
69540557,
24652955,
41593433,
78710695,
309394,
96233991,
22354921,
99996444,
534710,
87651003,
62607005,
94656265,
25470291,
24817264,
78992160,
62946425,
54519155,
50217561,
70742765,
92395054,
52597033,
607176,
60209475,
89274912,
8416441,
65639012,
73285802,
704402,
37019478,
78671474,
99238855,
54154562,
19462586,
48792694,
92076245,
95558851,
68996490,
31324377,
60494958,
95137967,
93187275,
50517123,
36940541,
37868827,
63186754,
50466158,
78400554,
22874833,
23193261,
3259062,
25344949,
89211569,
1243947,
68613343,
10755225,
59608832,
38191853,
24813717,
19427474,
81003560,
21029384,
93205589,
77384401,
96292613,
82794230,
28180282,
63422588,
70939020,
70409201,
51089805,
73115325,
84870125,
61004450,
73699321,
55595129,
46477572,
14108906,
48207416,
71570841,
36257256,
29323740,
95643842,
98445934,
52995389,
86427172,
2947501,
70878441,
38317141,
68929508,
96140306,
57879790,
65197072,
91945896,
42209790,
55334720,
86337294,
14427167,
72017238,
93664656,
19912051,
90836207,
95944175,
61109405,
48275207,
48527841,
70715084,
40515289,
64859415,
27679493,
90477362,
40219977,
55459787,
4867591,
4556590,
3394675,
27492019,
23207688,
73706349,
33237179,
47469829,
54774410,
7671618,
945967,
89996100,
62938055,
89416767,
11969121,
52148670,
91828888,
17483726,
84518519,
99883154,
20970914,
54601157,
8479908,
75050518,
68695342,
86660037,
96830556,
25954820,
72745955,
84498192,
1176976,
51471598,
756615,
56784783,
57294952,
3882085,
20696642,
57059497,
62592711,
56544917,
43685764,
330235,
29563346,
50676467,
7187749,
72613824,
23821507,
55957167,
76904708,
35906710,
80318215,
81146384,
9763730,
46058320,
75178562,
6429931,
24547981,
75906091,
51840877,
94724652,
77235266,
38750272,
20403366,
24235563,
92857379,
52917245,
45112217,
81666008,
96785706,
65439611,
67870342,
94866628,
14109088,
73351409,
22015099,
54269658,
48094114,
79886974,
27894352,
49649857,
15876198,
66315007,
67588105,
98905468,
6891027,
90211165,
51325137,
83881483,
54665556,
63211763,
73608113,
76256243,
85813600,
14127828,
51406350,
79284816,
18672489,
27620603,
60817402,
1624193,
9084098,
35915258,
62290434,
97720000,
341038,
86666979,
12438043,
32034002,
88999458,
69350697,
20796253,
44608884,
44195947,
60198978,
26472438,
40085,
61301924,
86734261,
90599216,
7970452,
63717835,
52918205,
80776764,
89364842,
45998789,
45545552,
75656292,
15292247,
33716926,
43953421,
2766429,
99348374,
79502179,
7187368,
91950552,
17156366,
20284080,
18680213,
88035317,
8635695,
55854236,
99441404,
57162092,
15600756,
62694572,
56727455,
51623276,
49530248,
72691050,
84885315,
26636636,
57678033,
89209217,
99353437,
21626364,
12526654,
47273366,
68904313,
3710196,
47832439,
39391579,
9851805,
39461974,
83028906,
66478523,
26186483,
20983813,
60892914,
92682879,
66830054,
45844897,
78388130,
6904872,
30880558,
29003893,
42299221,
53418732,
31169877,
58213741,
23341892,
78865705,
23562429,
37941481,
35355768,
28260033,
96024287,
22391574,
17896652,
74087295,
28301331,
86402595,
46477244,
96305997,
98146075,
33600636,
42254044,
84205487,
74522201,
74465509,
79043969,
89021362,
6982220,
49409953,
1418464,
32070567,
62410232,
23383925,
19832522,
25886454,
69502304,
438088,
6150618,
29868468,
63330938,
31821596,
73497999,
88896471,
68320852,
82809807,
18231392,
44617331,
22088646,
74752628,
54495501,
62785420,
64715250,
94639552,
46902894,
9333949,
3627270,
8470727,
32177213,
99520173,
51742782,
25971868,
5345609,
95218477,
14831456,
6258247,
85982286,
40756150,
47466042,
56954830,
50609808,
62801734,
62299686,
84609304,
38071627,
8262052,
19598239,
28348734,
84696635,
43828688,
60530341,
62415454,
1198458,
35938764,
79239127,
11978443,
19482194,
66261189,
43363964,
93107494,
26094628,
94810755,
51257551,
16945878,
26793767,
59775453,
85754639,
40147395,
11676802,
3877514,
29303042,
14151821,
46171720,
65728764,
92478414,
55084953,
51529469,
14634953,
61728763,
59161175,
85229633,
51970574,
47917988,
92909742,
80411728,
12946787,
54151341,
20671453,
97234622,
33800714,
56611738,
77797610,
95590958,
44337192,
23099026,
48866918,
32165562,
29487246,
81462023,
10526699,
66867173,
38069244,
969027,
30763534,
48554494,
80119911,
20050461,
44028366,
49470165,
94844211,
4513436,
85496154,
30444318,
20528754,
91886198,
63842250,
9605459,
71110031,
10238069,
37510374,
19856796,
82032776,
50315506,
57668305,
70009471,
93730469,
34501742,
74961773,
96790545,
63465531,
68842017,
50298280,
70084156,
38713011,
77225913,
73347558,
50585526,
2425715,
57776366,
35246730,
61865844,
44963110,
85653109,
85163310,
23933657,
26563908,
97795129,
96497330,
29579088,
7394337,
88748656,
57509282,
86795819,
20872150,
49962560,
80469173,
9820718,
26873981,
59555511,
62328338,
30275439,
43981489,
16677151,
98350146,
13309632,
42132965,
9211862,
4385571,
40319175,
58247057,
87807723,
2972838,
37757178,
34297466,
64908375,
51992730,
88296950,
1798339,
49440105,
25717058,
30901491,
26447377,
38570492,
74660398,
24365137,
42500006,
52187677,
42155965,
64652129,
37416912,
47101745,
62298208,
38424649,
23987120,
6558886,
86818004,
56585618,
51148176,
8956454,
260072,
41778153,
23358503,
91161321,
30096383,
58916930,
68126825,
70212778,
18884732,
16410526,
50692290,
59398564,
52691142,
84378482,
73497478,
60757395,
47639603,
94328961,
7783118,
45613173,
98294668,
30567756,
55920198,
72557336,
26529109,
22052262,
13929130,
95125174,
6643578,
84947631,
64639199,
24645122,
2705699,
65572656,
88532933,
4153620,
3476373,
89718489,
78840816,
75369078,
99728142,
52646752,
88295752,
47564961,
30802778,
91013609,
69814552,
21447981,
36754651,
53134660,
95764483,
95400541,
50713390,
10343319,
59699833,
33909956,
8905915,
88121951,
66232512,
50609495,
44193749,
22635075,
35293883,
43109397,
31223942,
62744471,
32332444,
31809748,
73179760,
17553279,
39044474,
91446310,
16199000,
26330125,
15024518,
26361577,
34103598,
71997565,
94260650,
464824,
80680623,
13444546,
20566027,
18802322,
89893394,
53732297,
49895431,
11799965,
33115747,
63426882,
48550342,
2232644,
79362519,
72784897,
67846862,
81451319,
30324028,
76626184,
778739,
37403641,
69188683,
70307864,
72779424,
99087619,
50732097,
11247532,
27830227,
55302782,
76170031,
86946276,
99040232,
36894926,
51556254,
8681308,
33159615,
95142206,
71017728,
58690233,
81576979,
30812395,
90267330,
86044010,
9610696,
46809353,
57310173,
2203213,
64018974,
81537182,
16951227,
66512207,
45225596,
78297698,
23678921,
40334784,
54399286,
93933598,
36044264,
35775051,
24403324,
75658853,
51870262,
51727584,
87345339,
91605528,
97686781,
66257135,
30652536,
96510461,
39116671,
35323247,
81717636,
57385032,
98378262,
84133643,
62155744,
95412002,
11820522,
86574309,
7322950,
62976067,
89640929,
67316501,
38240666,
94373554,
93003574,
45398097,
51161517,
68695740,
23743725,
74476865,
17871508,
97463362,
92500729,
74729754,
25353665,
43849957,
80715362,
9966309,
18676053,
37683680,
57280395,
48317678,
64430610,
34310758,
41220292,
81568166,
56001915,
64307659,
11617948,
9927518,
46785897,
61625048,
92038996,
93861462,
36856548,
45576417,
71784882,
40256777,
61471083,
24695941,
90213837,
76564954,
50613112,
41385152,
49486892,
21946285,
7704361,
81619022,
31620334,
46396840,
96178712,
78186472,
31420284,
97231968,
47585669,
97347813,
26888039,
13642676,
75620614,
64906954,
65134939,
62632452,
41067364,
24410372,
93993150,
23375933,
57616469,
68871042,
2887354,
48583814,
12985006,
85517683,
8366434,
49042061,
23419381,
97960856,
25664370,
3511867,
43963616,
6798824,
76381300,
87555489,
85053476,
94838632,
94631721,
57414679,
22690549,
66366159,
89977162,
29623170,
25746194,
4314571,
4351267,
87338091,
53173015,
76970792,
38470653,
63177072,
11230798,
18575658,
59836071,
59088064,
81731443,
48488083,
59747029,
14411279,
60503696,
9739263,
44017935,
69777460,
18324374,
39015067,
80959458,
17732044,
16208627,
55798225,
6690040,
6845133,
81084170,
75859283,
25732173,
61533974,
88945931,
22892476,
40785073,
75176951,
87241908,
30615616,
52056250,
63271040,
59520665,
35329420,
70454462,
23079346,
257659,
74332237,
16912204,
45080685,
80194011,
71598027,
42026466,
93002501,
27489434,
21538551,
22675325,
59307740,
71266953,
67395132,
86096966,
49269797,
7232899,
87550646,
77811739,
28890777,
27893480,
50481289,
10463155,
50402854,
80717224,
98486622,
24326812,
78293287,
33432928,
69616911,
18470540,
66556077,
54592516,
24921651,
92745033,
97288295,
79693559,
94551257,
36910961,
22108616,
27031844,
80210575,
57020389,
26032906,
2327884,
2821692,
99256789,
51448469,
98346596,
69677922,
45029887,
7725841,
95219544,
98353026,
48700434,
65381342,
54741585,
62654860,
52080876,
86801505,
37183606,
38435874,
78279211,
88505273,
20683120,
45914210,
16125607,
35030896,
18044804,
14704219,
84464286,
3275079,
58926447,
17653985,
31528671,
71851665,
21133691,
61372707,
66031834,
61362142,
50145619,
49490587,
32290323,
6899562,
87905479,
8235946,
74721388,
1805487,
8930804,
63142291,
91022269,
38901744,
5058935,
9137277,
62812013,
97151560,
39838527,
64747938,
54010826,
29541521,
65462218,
3047712,
49441059,
1270693,
66067348,
99826173,
99238507,
5719291,
38755591,
69436274,
68723519,
47027701,
15587325,
23278492,
9919155,
8785426,
15090654,
79279387,
68451320,
55905472,
78952061,
16750954,
92141220,
90800078,
98684203,
46925635,
66459056,
30022289,
60926436,
89994641,
30302461,
64382180,
89998862,
41983112,
33815396,
40991622,
39963537,
35727636,
57151909,
94272987,
68963023,
94954887,
77080672,
55808505,
77859043,
22798371,
90871795,
13330896,
83966943,
13453477,
70685882,
84490683,
41973318,
50005017,
35571250,
11811253,
1837816,
48158066,
85786755,
45286738,
21108807,
39908070,
37149817,
15995771,
71864246,
36966796,
27482111,
9070018,
12241534,
27152684,
86088057,
36681183,
69059730,
60254810,
45875125,
30585630,
12767268,
31770962,
92808959,
42424214,
93340509,
79460484,
829769,
75206583,
79295348,
12700260,
76229579,
51168169,
79283487,
86958793,
13390874,
13496343,
15357961,
75280908,
97658790,
19851601,
2283646,
40838725,
77516107,
82671600,
33992843,
60022748,
51369032,
11442003,
42592082,
15482949,
25585931,
53438563,
52534160,
37924762,
83887934,
29179904,
39505303,
24068237,
2296475,
36041360,
23411421,
16248301,
97976482,
41220242,
92816251,
44284774,
19849588,
77642551,
32552078,
66793651,
94682104,
76739078,
96960883,
41100060,
76178526,
67326279,
98257447,
49309633,
81002828,
78727263,
4064459,
4266140,
49788266,
22763791,
55514917,
88660531,
85335188,
40818054,
80844625,
8853038,
69375389,
1314476,
26081226,
10642899,
27392024,
81125439,
44691895,
34923997,
70055291,
61528429,
65618994,
67839939,
81249043,
86471912,
38569932,
11156172,
20465558,
4163574,
80644475,
24411803,
5997703,
70877612,
23411662,
90843613,
5670877,
71669859,
24694703,
3930431,
35647515,
70801035,
98835043,
50877175,
60116528,
76152286,
47080109,
55225623,
10775670,
23222429,
47284848,
44095978,
29883489,
80470133,
19637081,
28673852,
42425713,
63197714,
7329510,
49570153,
25734677,
53959545,
59052677,
38136288,
47349316,
7831858,
36101058,
4331281,
58676062,
92900864,
38880760,
6283606,
39302952,
26677501,
61386296,
24801098,
51217921,
54027652,
25764767,
34659029,
64540877,
99089608,
22879518,
44464029,
75740748,
66287179,
8485940,
44567048,
75641901,
2100846,
11092259,
83456948,
98088708,
92973830,
22886988,
97264405,
87058849,
90134441,
98552551,
49270446,
63468776,
56267170,
54168288,
11184094,
94308917,
28273471,
89770930,
83133272,
72097978,
88075566,
90868797,
61559,
19056784,
41752937,
3103626,
49455295,
62652538,
40093129,
41218035,
55419652,
67108447,
38080683,
20907622,
44911546,
2287289,
36503722,
37259519,
67924738,
36101305,
17123025,
35560340,
56339435,
22194790,
18935698,
15426578,
9391762,
91640186,
33089989,
4031260,
66331648,
92080155,
78600906,
9162140,
85691064,
54145083,
76121186,
60470475,
73113809,
25428317,
29791828,
75963184,
78663603,
35770778,
46784223,
35719010,
69490720,
22043774,
36429283,
81001960,
72253659,
94557404,
7688225,
27606178,
25478940,
63812146,
82995895,
46342232,
66564070,
40489221,
35444086,
84144897,
13171176,
96501220,
49740140,
89992518,
58276,
66629772,
66086268,
42939250,
42855205,
83066857,
57381732,
90867593,
3788234,
15564161,
24209938,
71131817,
91487127,
1745066,
57417589,
16297466,
38124809,
60852974,
60681627,
47252804,
61003449,
52575413,
50323061,
74533095,
42781511,
27550392,
89618338,
87611422,
1521697,
56390017,
9066407,
18766851,
5254672,
3210564,
11745191,
56682199,
90427249,
4228731,
88765695,
84459149,
40091138,
22235019,
11220404,
94517696,
94750928,
84443393,
41144519,
73455788,
7742831,
81213157,
51621451,
7253391,
19113235,
37429454,
46095165,
84883908,
42721023,
14318077,
3063476,
64903440,
84416553,
93055685,
59134167,
37660737,
85593258,
258752,
30519602,
40785694,
76792708,
53223565,
73955070,
92805108,
32336446,
57205159,
13055393,
2307635,
67401782,
67159891,
94037597,
53709652,
92048533,
88035756,
806807,
4754770,
61414664,
65322423,
60120698,
66879342,
63698632,
92111777,
12274870,
61201212,
10090251,
72773047,
54498138,
13405682,
71565617,
21093471,
86439447,
96403571,
26421043,
41963056,
7130640,
73351549,
24815922,
50573742,
51588782,
35342780,
56413940,
7227243,
55491460,
54114914,
41057272,
60746672,
79363496,
18508434,
86378114,
13526814,
86624677,
25058263,
84528476,
28027359,
92317550,
42999279,
39781631,
62585810,
14664579,
55613005,
40160941,
86802150,
66611937,
5020752,
33930432,
56449589,
24003600,
70272577,
50430953,
99722430,
35216011,
10346588,
93840015,
77427636,
79955792,
32078882,
33091185,
70693578,
88654607,
63250476,
81346073,
27947117,
63952244,
28998435,
15342682,
46629863,
76405542,
48077026,
85152254,
57800600,
96081541,
84689781,
69678399,
52085735,
87970388,
5032271,
60762590,
230722,
76151831,
56665334,
6502136,
17610051,
4161105,
25196309,
5935098,
90431106,
88073142,
18368992,
63012639,
14950327,
57824518,
32107822,
62017713,
591364,
99776010,
19404861,
65501136,
78708,
70353026,
81423546,
8724332,
81175107,
26109213,
59526232,
82746977,
89426889,
46547646,
61474192,
85002267,
70611601,
91718328,
52356169,
27246301,
59432817,
67941944,
76417529,
73755082,
89734018,
67660480,
24607140,
38724257,
37247416,
24611469,
10080674,
28141491,
17415320,
70506129,
18284033,
450320,
48170892,
27529098,
77921997,
73285743,
46124171,
62473835,
21499715,
21556444,
70745107,
17962165,
62400604,
94209653,
88465768,
5505873,
10386191,
25941784,
75432078,
1399392,
24016357,
83256490,
49499072,
52831521,
68325035,
2385280,
29011631,
6583401,
36495584,
97513370,
87272658,
49597590,
70965098,
8846841,
90589863,
83562386,
57917912,
20405965,
19406132,
55189243,
98517228,
61021635,
60727119,
15171076,
10791226,
41761701,
6604304,
12190978,
60178356,
30301062,
16174035,
40985351,
50049757,
11298262,
60178801,
70665666,
40479306,
15064208,
62896107,
28060706,
42870755,
44457165,
65152125,
75392145,
60482257,
10031124,
8032341,
50610429,
32108820,
34112173,
40898363,
45225560,
94648010,
76678998,
64739249,
47797529,
19592614,
20040112,
9338785,
57049744,
13798443,
8775657,
20095309,
74321107,
16491656,
79183535,
32662937,
77333042,
4402233,
40003563,
39700552,
90440119,
75914987,
64710316,
7596161,
29678426,
27370005,
79238941,
45149987,
74683916,
16354634,
33277080,
4693974,
60570801,
74473167,
25754253,
52250289,
84563248,
84630937,
30536655,
60573821,
43563975,
91275679,
34807600,
8612652,
21960979,
41408071,
86863322,
53806029,
39353171,
64643303,
95787544,
75190644,
50579616,
48825147,
59618013,
98077558,
90837733,
33801599,
63573507,
1883402,
82633668,
81232380,
51303238,
82063876,
89829033,
99524700,
26164803,
37907890,
79846317,
31901396,
25181993,
11675808,
6767935,
41614978,
75367400,
61841061,
98371763,
57454248,
52446126,
52982194,
65879162,
91965306,
86923723,
27596889,
94495377,
99241038,
51545161,
67457590,
24293996,
60070389,
90349301,
5450657,
16959876,
80385407,
1192472,
41796585,
76508121,
49700116,
41732434,
6354129,
54594470,
85424228,
23285434,
75405658,
92879063,
4709877,
65428990,
30420025,
15436810,
55498721,
5759350,
60078871,
64239655,
46255533,
2857767,
58732747,
79416569,
3246244,
83410447,
49233516,
21495740,
3771092,
10026771,
79062011,
80665231,
55483156,
35028250,
83230914,
51292877,
15184080,
27512361,
65798598,
76136140,
25125590,
44404149,
84751469,
7422052,
80204946,
87844692,
961802,
24122177,
54270055,
27923321,
44867774,
23129378,
53232333,
30859254,
272919,
88292024,
36124521,
59427793,
50613263,
62254110,
13242304,
36434607,
9370230,
26198308,
37533941,
38503738,
57907765,
88707044,
99600011,
57524472,
75492032,
71094972,
9295271,
23788486,
27713845,
13614437,
83842706,
86232044,
12091352,
36886860,
47215322,
1993359,
59114194,
95940248,
70982663,
87038936,
86690677,
30528386,
2278814,
80675720,
73379545,
10705677,
60936650,
5648701,
13971749,
86629304,
80780609,
29480414,
89733044,
14064409,
30352989,
83454945,
15733779,
4469677,
43311685,
202496,
14497344,
93644567,
56131234,
17764788,
47793279,
58327660,
66806931,
49865360,
27980071,
70518220,
82577069,
33669766,
24301377,
38800448,
40041556,
43696623,
97144352,
95435647,
20164133,
90828533,
30548281,
68452491,
48771557,
87352154,
96190722,
4041529,
38841751,
16499661,
56645332,
43071567,
17546743,
63216735,
77397184,
95510103,
982657,
57493954,
65816805,
98878798,
30677771,
16150284,
23561254,
64668589,
96630502,
23415089,
7339903,
30450599,
41727160,
69933350,
55756543,
93014932,
84046017,
4146878,
7806242,
46365027,
59269366,
64240556,
56520741,
74749971,
33270267,
55086922,
24779891,
93688753,
20645792,
62217738,
53797914,
27405233,
29212265,
53193396,
62800606,
99943469,
13238707,
75374890,
43753083,
41768266,
74942566,
96866021,
49959978,
44038582,
60992534,
2613203,
22637359,
52582802,
64766665,
22254701,
37562236,
75439925,
39565151,
36355107,
66039625,
83198734,
23004639,
19141504,
92147265,
97098198,
12343311,
99314533,
41751759,
93320042,
23501696,
65598256,
33788691,
66778647,
85780495,
96364936,
17484745,
19874392,
11219004,
86287557,
55035678,
19568759,
92314514,
90733350,
98600888,
23068915,
43907060,
73940699,
8494385,
35585484,
79140907,
69584556,
1310114,
35388736,
13262314,
14087336,
93806136,
18812401,
87400589,
83550272,
41452986,
37629655,
28037445,
99358390,
58929254,
50603745,
64838972,
53017441,
58118811,
66974727,
67602331,
74501678,
92414333,
80855350,
32399182,
26357439,
16849759,
62896527,
5788724,
5302278,
24230250,
58451945,
96298427,
7841101,
85279932,
77210545,
23880937,
15223627,
52915372,
42180860,
21576794,
44387741,
71384875,
26791655,
71357063,
14654717,
7469161,
70149544,
91232023,
60301296,
87641788,
18354831,
74032025,
76054987,
70368341,
84396158,
55445470,
35478441,
67013059,
54198494,
12538400,
55604732,
28460921,
55576405,
38522874,
79210436,
60091474,
99072400,
14080368,
50199907,
45993136,
80180874,
56917527,
90679260,
57300242,
5228583,
49546526,
99165826,
76703986,
97925558,
85216061,
16448074,
69532777,
12109700,
63722511,
6596046,
1087144,
41408104,
48750747,
49268347,
36063106,
69632318,
33585953,
51100446,
2929547,
45637417,
78715793,
96829871,
52339870,
74232622,
88443098,
60757452,
11784558,
5724641,
14162840,
89912974,
62821112,
55013259,
26928885,
32341442,
28933557,
1925492,
41933218,
59223799,
58042620,
51668924,
86878801,
90877433,
73850303